x1,x2,x3,x4,x5,x6,x7,x8,x9,x10,y
2.2122711550230325,1.579804536248986,1.3070002371876708,1.72478204245879,1.779650136388367,1.835136218552222,1.979379883734961,1.7435662058781891,2.4008647876912557,2.2934872222928324,-3.959134207822255
2.0107975432721266,0.6386456712833491,2.780935418085531,0.030310536900367772,1.7531966626411706,0.34893195339047844,1.866773095970667,1.382414164811673,1.99842769843327,1.8599840341619878,-3.8767354314635627
2.5590420288112607,1.5477158749881523,1.586831697517354,1.5761309472525686,2.0373098562670187,1.581230793415444,2.203183059857267,1.3074693592816133,1.228025043661089,2.111584259458143,-3.841058896754014
2.2690956592559814,1.5877612829208374,1.1941457986831665,1.2924050092697144,1.7088826894760132,1.398704171180725,1.982346773147583,1.6227692365646362,2.151505470275879,1.8341079950332642,-3.721914109757008
2.2246408462524414,1.5096304416656494,0.9190076589584351,1.350516438484192,1.7389343976974487,1.5523381233215332,1.5907275676727295,1.5352507829666138,2.1545727252960205,1.694701075553894,-3.437866566664503
3.1375159656526947,1.619833116061498,0.6054045432253883,0.17093041964240527,1.779741614394633,1.585042404403322,1.7390774844575456,0.7599404983709335,2.282733800368089,1.836152297390726,-3.258920524074831
2.1761235004846293,1.6806279006613387,0.29561326075843475,0.08488769947315407,0.2808914103522283,0.7686735489929345,1.4120818949366614,0.8486777249432298,1.104830059333825,1.2230695525853044,-3.2349954930738085
2.2700813613537467,1.5847688087207474,1.3360777984296741,1.7170168900915188,1.6660689204601062,1.8241788664012195,2.0603208624976834,1.7132058944789006,2.398454855313559,1.9787532896650928,-3.172472750937733
2.2054415527792712,1.6946125623465753,0.8691985210495261,2.3450224993974533,1.462769995318502,1.611616375347429,2.254129258949872,1.7507582767070493,2.5557809391290367,2.203987061376335,-3.069489722948333
2.242411625904267,1.6303922298416516,0.7682596851429381,0.3726177406201679,2.2179390465151183,0.7062092151757275,1.7978511808543038,1.5938682690441368,1.6250743746825012,1.8919646188353134,-3.0656323614684147
2.302903175354004,1.5998293161392212,1.2312629222869873,2.4436357021331787,1.88010573387146,2.2070670127868652,2.421668529510498,2.0107574462890625,2.8743789196014404,2.3641164302825928,-3.048585473169661
2.231630802154541,1.44827401638031,1.6416767835617065,1.4591691493988037,1.6983258724212646,1.3939237594604492,1.8137786388397217,1.7352038621902466,2.051882028579712,2.07033109664917,-3.0280006998686897
2.063190522844565,1.396363831728348,0.7970396426043899,2.0826667641892547,2.0733960203353443,2.0532388312917442,1.9134322130893913,2.332201034211573,2.177729922069849,2.1116868131386926,-3.0224766499448785
2.0290376523139515,1.5646608882090725,2.0849478281948146,0.03897906767189818,0.3577515891530778,0.9217808518167875,1.4858648233585665,1.5232643958946128,1.0586625381773591,1.664854211037937,-2.9042104852827944
2.1010009227268087,0.157576947107746,0.48667964580243317,0.7589642248109361,1.9217735796421782,0.926680620248816,2.1061180589302033,0.8306955172566732,1.86921239215636,1.8603336685006657,-2.891977999770617
2.3347103195790697,1.2087203685990067,2.2093792573074107,0.6430597654043738,2.051631948587357,1.5528531600582696,2.2378182243541085,1.5621542762249336,2.564372587753494,2.004140062685875,-2.8377985693270986
0.9976185520339698,1.6942705036011907,1.2054109157204076,1.8936589787552953,0.8824016702315917,2.1477557111903174,1.721833831193608,0.8206252163520712,0.9299101298193035,1.035054096749434,-2.7864027162740688
1.2951658918475877,1.5297247515491135,1.2649708981164802,1.674575019287233,0.9752687998388612,2.812551124656055,1.1997136893856528,2.8029735931336655,0.9103468900013246,2.484922750281336,-2.7317351366559737
2.207918167114258,1.6385107040405273,0.45884931087493896,2.116584062576294,1.7934741973876953,1.9665440320968628,2.2055418491363525,1.9660348892211914,2.856940746307373,2.795097827911377,-2.729004836290603
3.128141209278832,1.4755487739835458,1.8183099128465399,3.0264249519548008,1.0348380373758408,1.6352408981040893,2.2153574537319276,0.48879941112839354,1.2365961906572853,0.9828386128297317,-2.706743617536152
2.4273505210876465,1.6623960733413696,1.0363208055496216,1.3771578073501587,1.5480202436447144,1.7725868225097656,1.743592381477356,0.47658467292785645,1.2723960876464844,1.556319236755371,-2.705576761451346
2.1762690364764943,1.4880120947683955,1.0249800077129145,1.3821354925706462,1.533175600256524,1.073120504333744,1.5893910720004616,0.7383683409492653,1.8607271308097606,1.8400215101303474,-2.675667325099013
2.5904390418285117,1.6559589386962268,0.4706477281575657,1.4170992003989502,1.699276065605962,1.552503619266467,1.576617612293618,1.5120829116299417,2.8541864426500503,2.255483043676028,-2.6740040694748757
1.773102415364186,2.6923593111224866,1.1066525606297108,2.496548782054897,1.0269494306782943,0.8839587975314295,2.9257898678960337,0.9304834759166362,1.8465476247657302,0.8925192572234812,-2.658613378951728
2.9047814763125244,1.2751796758268352,1.368670434220635,1.2979113684026704,1.8139019951211715,1.386694072013218,1.4447565547527144,0.8944721425734721,2.349363402364451,1.2278935466722893,-2.646843431925359
1.7853894233703613,1.5325217247009277,1.1758702993392944,1.6276692152023315,1.6018247604370117,1.89592444896698,1.7044142484664917,1.7493624687194824,1.6965277194976807,1.9876906871795654,-2.6387283386705165
2.6821665270666553,1.5639851126578401,2.7097384791016985,0.20833436827347884,2.1039319660046574,1.1888597509495158,1.4577239430657412,1.7329002069801738,2.992511139073332,2.943670832799704,-2.629775426961035
2.653618812561035,1.6738418340682983,1.8003149032592773,1.1396307945251465,2.0159692764282227,1.4003777503967285,2.368682861328125,1.3728152513504028,1.4124325513839722,2.307244062423706,-2.6289321577397176
1.5236778259277344,1.6209437847137451,1.267094612121582,1.6821839809417725,1.3906521797180176,2.0577378273010254,1.6335489749908447,1.4375989437103271,1.333357810974121,1.703472375869751,-2.61292098291518
2.177989856068325,0.6718432628875075,1.2376450977757534,1.0928451704637794,1.9775456392357575,0.25427211052864407,2.007587983716508,2.181725605732192,1.4496554767355403,1.1569346930286937,-2.6083789725045707
2.7165038623638393,1.9920184020034475,1.2857408261612198,0.6707118694259556,1.5359939634920714,1.1307633506017996,2.4915637625699385,1.7766554338907536,2.424392200410044,2.0934083553554084,-2.5878144351351757
2.1071990889649705,1.545240521865081,1.4557618892005437,1.801783827754516,1.3519161794515129,1.2389874705311383,2.060581411508806,2.065495581736883,1.8664393166946343,2.0650248057236276,-2.561271165860603
1.628918969233831,1.386250943505699,1.2903270556115263,2.4149657777590305,0.36672952214461896,0.7273103389914062,1.9063220000279864,1.3884448185717275,1.1157311685058244,1.702098394267628,-2.5566613780331213
2.128810839911394,1.8404791592208396,2.2035456486053855,1.5608956221796173,2.1654036914518064,1.000416686585119,1.3887688513121106,1.6444070273786031,0.7886122459824295,2.0415889676551298,-2.556078294416632
0.997055183484862,1.0693195434264529,1.173016075093413,1.9595116284098357,0.5802197808443966,1.5837312236635843,2.85620966811321,0.7329272009259519,2.386276870915941,2.271823890832128,-2.533312947194086
2.167919669890313,0.8294364146606127,2.6192866888036517,1.1858362698394254,1.8897800592290745,0.9454429934133709,1.524730749809552,1.6230720803082208,1.6879307196658113,1.6947321054541606,-2.5060917731267964
3.1292791717185593,0.28201330553102705,2.91816550146822,1.7185657539825039,1.7462252995484229,1.795630810809668,1.9088961615211117,2.063819722268165,2.440198904746289,2.921098801518287,-2.4968564498565673
3.058515695163758,2.624852687194836,0.6471515278422401,1.1341976543417434,1.4072031724945333,1.843943223026955,1.6935937635911131,0.7637088216803445,2.265706161892719,1.586812540417498,-2.4718581736707455
1.6397811968870963,1.5302230057306445,1.5264373118155563,1.9538845730616796,1.7667422771051513,2.343757425434756,2.740098732969395,2.507400643969821,2.6504690350943663,2.7636681381182533,-2.4628178808283856
1.0919145177513383,1.9849594089229337,1.1783385757089595,1.8777324282390369,0.03692126365755222,2.0100311183574595,1.7906492722957055,0.8189657091943608,1.0834244131100044,1.1040760488048362,-2.4385730564024133
2.7134169524092355,1.584471662099401,1.6757752437809328,0.2083507783657048,2.2784088263741964,1.618203665712616,2.7130403715732414,1.3316300265637595,1.4958705110443367,2.3534545982955666,-2.4171315616607463
1.2323491708779546,1.5648960531226712,1.2522716351020984,1.6134379095480467,0.5918085356357765,2.865575034047583,1.6261348623134753,2.692916686665594,1.247278899073392,2.8593168458103415,-2.3901265364721906
2.402330924558254,3.068490212009884,1.8616278146931964,1.9996306649341422,2.0285573930990526,1.2515513220184462,1.855340730351073,2.0961062527313974,1.2514640717075833,2.0267486271561164,-2.3841446949084526
2.169224580424528,1.3088209816540002,1.0519148040325275,1.8902902279619807,1.7987493497716796,1.8475264331902421,2.1738728737830235,1.8946893001951084,2.3750753754714657,2.316513470533465,-2.3705116268362496
1.2805110216140747,1.6741183996200562,1.1385246515274048,1.7688617706298828,1.7448762655258179,2.368494987487793,1.7141565084457397,1.7166321277618408,0.9281159043312073,1.6618461608886719,-2.344784115585418
2.1281307963255833,1.5159771903907506,2.0780084091367246,2.2792652026316786,0.07397213106073136,0.5290855658524791,1.4878454185376588,2.318321998700752,1.0563398981940546,1.6555715389895829,-2.329686027911056
1.422859567283237,2.5108859588491894,1.3043470608900996,1.9876435667353678,0.890803220400098,0.8928684715081588,1.6513039207534428,1.8760433599951503,0.30775067444982696,1.3654736217310048,-2.324960352638408
2.232410192489624,1.627541422843933,1.6312706470489502,1.6221661567687988,1.7755341529846191,1.7793837785720825,2.1872918605804443,1.6875123977661133,2.566182851791382,2.193302631378174,-2.3207695648146145
2.6184865072037082,1.3808162411034677,0.9523428539925958,0.5950712250072341,1.6063264272558095,1.5056985403849548,1.4110552033524528,1.373887627772,2.202223470957762,1.9676199700204857,-2.3192608211010173
2.1118257294921032,0.38193490398187824,0.3829528765757271,1.9132842276626287,0.04815762568299509,1.6426055226206042,2.5238449189665118,1.6109508901922134,2.310590680862252,2.95746875280157,-2.293944495000826
2.2637630562715474,1.456183162948852,1.9570024805180803,1.3190309190218175,0.006069231963945765,1.6786537781042117,1.2709890641448525,0.5480376196578711,0.5078432670493731,1.210979789687523,-2.286105082224379
0.9502549249650023,1.672154663928123,1.7905601967651565,0.8858516590821316,2.8272994586676745,0.8535969076984341,2.8827968471651415,0.8900683695677071,1.3000318083842448,1.1612883027038245,-2.272577948406977
2.400052547454834,1.69441556930542,1.1402908563613892,1.6440833806991577,1.5283204317092896,1.5506463050842285,2.0807299613952637,1.7069406509399414,2.426469087600708,1.9602117538452148,-2.267073358347584
3.12681408197518,3.126822714136453,1.2258920227379162,1.8645548158673502,2.141665954676799,1.1448683522438163,1.8255895472049586,2.0786889627477696,1.5747863390797265,1.0121539447577002,-2.2545678972140846
2.769808745542491,1.390133629029329,0.19684258647700814,2.325409692201052,0.8434898693848831,2.0102152778499542,1.4379378792893003,0.9052152776022896,0.8357945808921187,0.32956842462253055,-2.1999559888338385
1.317897302931497,1.420073305367957,1.3066000181297945,2.402243069023223,0.9308622626524575,0.4649738839523824,1.0776718191239583,1.075309855212998,1.1144645821791543,1.5321100247521198,-2.1845461502010854
2.6853463649749756,1.7831372022628784,1.9382593631744385,1.1460442543029785,2.2508959770202637,1.4537925720214844,2.5124547481536865,1.2995398044586182,1.0455561876296997,2.580812931060791,-2.1727959450994327
2.2096898707631176,1.8620012230833274,2.1956593426914854,2.7755910877429235,1.874118326534126,1.3868550377473428,0.7925411110923173,2.6336422473934595,1.500662211009349,2.4245366984604804,-2.171130206844061
2.178369589739383,2.2126227438335535,0.44066186954424746,0.10517464991828147,0.27779004118820805,1.1039444787025203,1.401588341856529,0.8393311921925739,2.20847829065065,1.0519557515649782,-2.169297453454137
3.081793489600096,2.5982567333903375,0.1952054195482924,1.0576918701565772,1.7107860675131843,0.6889501213684815,1.8415964605213104,3.086198084258191,1.0610321181159137,2.2838994726431565,-2.156142185101455
3.0662762475490677,1.2025277163728996,1.1679269303330915,0.6644388949975004,1.214659767060234,1.112187274535885,1.8879710843724526,0.6594268642388522,1.3262292508895472,1.8341801533097497,-2.1472913059784675
2.80900521295497,1.6918083945817817,1.4481964798735936,1.835467351323521,2.2019308170078826,0.7711627462257536,0.7274055013043244,2.248956024466485,1.933405090848858,1.1057536693144034,-2.1319354276316376
3.1235834715751567,1.6046513993390565,0.36093481026567265,0.18182716467748347,1.7746301270764395,2.2069141721707344,1.8377101523063772,0.3640795584434662,2.836560540613564,2.088123686657678,-2.129409065664846
1.0587538706473394,1.614143487902871,1.8364439615227501,0.5777365830815787,1.6042955235010758,0.35256122648084975,2.081541304193376,2.047855309518563,1.6419806350635548,0.8307907235634189,-2.1152792040532757
0.9141424895647443,0.08801172187080875,1.3300843108171785,0.1418585107687656,0.10848791126212337,1.9575160027613658,1.6608309932516712,0.23119075109058151,0.7481985049284827,1.838527402849576,-2.1110826368677946
2.0779213905334473,1.3880116939544678,1.1418349742889404,2.004499912261963,1.983599066734314,1.8628382682800293,2.0037875175476074,1.91965651512146,2.228252410888672,2.0521655082702637,-2.101308871622384
2.2507605269278916,2.041595754820072,0.18447015610242695,1.4723554665299021,2.1830687837036438,1.7629386282262751,1.9762752843513562,1.4498243561814683,2.7096370377690895,1.8654080068662875,-2.0736537600977374
1.7534251403430952,1.6327682721149195,2.264933548530479,0.23424086806230204,0.3981295229252547,1.2401834585021994,1.244242141789902,1.2186468547261642,0.4372257902937863,2.119543320260072,-2.069770466046039
1.8542343987490832,1.478910267355557,1.8571443558210672,1.6356378140149856,1.8076801512719247,2.549044025177732,1.8282589617491674,1.05498269078414,1.66116728537503,0.5595322619934882,-2.057725057773163
2.2386748790740967,1.706191897392273,1.491260290145874,2.075016736984253,1.6693092584609985,2.171149253845215,2.4582743644714355,1.8101274967193604,2.874652862548828,2.2891082763671875,-2.052535190817171
2.9099417361072666,1.26531791859639,1.582123154805705,1.5711479686099916,2.5831574463369824,1.4752385991546637,2.212975910310578,1.4017281784147209,1.3081124277202072,2.622693865597281,-2.038247323831925
2.1368629932403564,1.4505715370178223,1.5234942436218262,1.7142201662063599,1.6181046962738037,1.3558626174926758,1.806336522102356,1.6896151304244995,1.8491626977920532,2.1213538646698,-2.020054590305386
2.5043143932382135,1.2346558089446826,1.9416036249953947,3.1410183968219667,0.9575481363949709,0.007442664180874248,2.5500496996863644,0.2790359876586448,1.9661167944486737,1.2695829613753555,-2.016230995751669
1.8390371773591012,2.267146140084759,0.3256493982559643,1.1984211339024744,1.258905458819234,0.6200270486638079,2.625691290565965,0.7142772210443336,1.2742874018422676,0.7736343494716393,-2.0070570423897918
2.6736197218497875,0.8395942896796031,1.7059572750982133,0.4279388160278442,0.7922745969905632,0.5448644931733488,1.4614987037339828,1.083913125473024,1.1727826943867878,1.5724353273617433,-1.9950849090217093
1.5500901040590593,1.5027453096823775,0.5571089730534127,1.0867553721737822,0.5631183098072248,2.092877956286175,1.1017568170069492,1.7963669095451145,2.0525840007285394,2.7953306197624697,-1.9906207482815286
2.6188912442182475,2.9306860832156616,0.6903968833117958,2.4783766119338395,0.1414273359790903,1.5338972317329733,0.37997044746182507,1.3840987658190702,0.5021876303343796,1.3719849262551886,-1.9802342367839798
2.027575458591134,1.977759663952264,1.6477816380385963,0.6228737500591679,0.5325545014731696,1.1323397248615217,0.8857906713786314,1.9362246004917427,1.278271255567366,1.5076167018706692,-1.976619059225524
1.5844303759294307,1.4989513849819427,0.8387863064813468,0.2526468111202916,1.6980425685783056,1.2891148079492625,1.507824582835609,0.17134018464537004,1.8060602601908289,2.057650122505171,-1.9577374561478922
2.1919894218444824,1.7779450416564941,1.442760705947876,1.7627924680709839,1.5906816720962524,1.9531919956207275,2.3904764652252197,1.665737271308899,2.8655941486358643,2.091648578643799,-1.9563387057342445
2.169421911239624,1.4693641662597656,1.005723476409912,2.176029920578003,1.9203780889511108,1.8983886241912842,2.079204797744751,2.123994827270508,2.439377546310425,2.2917063236236572,-1.9459369479238944
1.7696188607018355,0.8444666140271211,0.7146014063784876,1.9579313102454623,1.450854188066584,0.5071202701197162,0.821122251817006,0.2523875993613489,2.5386152184520645,1.5449432688483147,-1.9383983662218132
1.9894342422485352,1.61921226978302,1.183759331703186,2.016803741455078,1.15204656124115,1.1166443824768066,2.0440175533294678,1.6515145301818848,1.8306792974472046,2.161882162094116,-1.9230561854689863
1.6885057331824005,2.1278843278002193,1.7843284105621837,0.07083154366069436,2.2195102064362264,1.37135431861548,2.228399366382732,2.1302063766030956,2.473910193191623,0.5442747934338217,-1.9187055911636142
1.9534285068511963,1.4941405057907104,1.0553570985794067,2.081088066101074,1.9164633750915527,2.1830389499664307,2.4964840412139893,2.200517177581787,2.5940136909484863,2.524160385131836,-1.9053253752110544
2.181424275833616,3.11790791231521,2.8162170756964873,1.4390430468390285,1.389933757296944,1.5220908716445,2.038714621272799,2.931070601685147,0.7067269631326458,2.8592152506752297,-1.9047955581335476
1.828494284592813,2.3382519103725836,0.32206095366839416,0.5414232537963966,1.005227472484538,0.7996198784618659,0.6823814636478136,0.30538670618257513,0.7273037701140622,1.2731232627211801,-1.9017725444681541
2.525470495223999,1.688105583190918,1.0516643524169922,1.0776138305664062,1.8127434253692627,1.4761759042739868,1.9806095361709595,1.6600677967071533,1.6971781253814697,2.075284957885742,-1.9005530995194952
1.870671179624609,1.9563060647784476,0.006272152368528294,1.1565395217930086,1.9547315157735474,1.3005096555764784,0.8647199207117976,2.5861509160865896,1.5967287736395024,2.6099380681922084,-1.897808797305596
2.549560288300981,2.3524943654173884,2.141795344167596,2.0251221149880805,1.717885096359169,0.6740062242647323,1.4925744763495277,1.1809969068548227,1.759834792128181,2.455553088119397,-1.8908943717673297
2.5944564974350928,0.41157846676721055,0.08752861351158359,0.4552299617231639,1.7388291394848774,0.1314532096871922,2.860889909201471,0.6331223599715339,2.317742237365585,1.8596298547472672,-1.8901931677510144
1.572881106125605,1.675173276761917,0.6566963901552817,1.1008488826748057,0.19375119721955295,1.8524939777596243,1.9132574453881497,1.23422809642121,1.0041943869995482,1.3040131865771778,-1.88510917211819
1.6354057641415962,1.1075583066868027,0.5652125577122376,2.61412651542103,0.3358550656031149,2.721668424195606,1.6868330435039625,0.7279871912432981,0.6976047184909236,0.6839323150073298,-1.8780184490151117
2.21240033948195,2.1695330409367153,1.344672201924344,2.5276890459637826,1.9239452244339388,1.2636106785233845,2.3276064120337585,0.550352323556409,0.8945157722507782,1.811188641377648,-1.8632850462476802
2.844083547592163,1.5503227710723877,0.38530105352401733,0.6511719822883606,1.7549409866333008,1.3508775234222412,1.316347599029541,1.00277841091156,2.948160409927368,1.8248412609100342,-1.8629240233167372
0.8040892573829407,1.5600503332307198,0.7647485342126317,2.57234486729262,0.0032643433538706024,0.7154449506382785,1.912651288794351,0.9682465594340219,0.3888881024803629,0.6616796753114252,-1.8608441114140324
1.9942954393011896,0.33761348989467926,0.24534806252225572,0.7178205860660352,1.5539272527661685,0.20050891387464942,1.9677334372538577,0.44417906245462574,1.9448776991200265,2.1000792101986048,-1.8603758274866302
0.5096752751962915,1.6584543993529768,0.054377022309208156,1.9500097825424165,0.662243483344208,1.6306473477628716,1.5284987496255036,0.4063428460541027,1.4084950374453968,0.3856158669016909,-1.8371030127314345
3.0946908769241945,1.4430646837926977,2.2714199224116154,1.021261726550655,2.163357800089478,1.0987459805029143,2.1026258896582757,1.238762439290655,2.8056056225712567,1.891884833753816,-1.8348518354500933
2.1897213459014893,1.6230393648147583,0.6788943409919739,1.7637935876846313,1.1854476928710938,0.765453577041626,1.731836199760437,1.2200018167495728,1.8759957551956177,2.0643396377563477,-1.8108763121260159
0.2683470220704769,1.439869853690145,1.4980975123906077,0.13286176952167061,0.9026201073149327,0.8262468666800222,1.5216844333719624,0.851556790833877,0.6173069559580159,1.9748464578953848,-1.8073326176065225
2.433493876296632,2.3905392003453123,0.5292142799886075,2.7076367221180266,0.48276396301403374,0.8876423855028727,2.066062909347848,0.7130253174427865,0.20693656335063415,1.18541372570834,-1.8022594415531044
0.9906515165992043,1.888848214340344,0.4529069879001496,2.1491208919115348,0.41665562566725284,2.2929037374913617,1.8851664600860991,1.0036100380117805,1.295921796442709,0.22630147306664938,-1.7893808875801271
2.429242212765473,1.8855087789415368,1.9234683689623229,1.5346405499324058,1.9664792941171312,1.9940563524750503,1.8175092535334771,1.3590005064091355,2.7579315996065676,2.58751616080337,-1.7685563667306807
1.9983329772949219,1.3274015188217163,1.0007630586624146,2.04890513420105,1.1431894302368164,0.8056516647338867,1.6705586910247803,1.2671244144439697,1.0602210760116577,1.563180923461914,-1.767587362343257
0.8489937145288668,1.4045215779377305,1.405865000429472,1.5410265693217262,0.5264183730498263,3.0104753555966672,1.9741113329739899,1.3388731804283132,0.32423477414454094,1.1579810681497458,-1.7465062937031557
2.8069755654341577,0.6396056934488858,0.3719731635728952,0.003688020232320094,1.6107643721200469,0.07987014017741395,1.8578227580825402,1.4787638785741648,2.519409075857157,1.5665709962155987,-1.7429671744732373
1.9144775301493406,1.8007777859542857,0.6408341649742575,0.7446605949794608,0.00633502818617715,1.2101036907277813,1.054022722777224,0.03354610516935286,1.957127354613334,0.7302780462423877,-1.7417497363105667
2.235958800717308,1.219220359416127,2.4616587017894447,0.0895228802744471,0.32137460515261795,1.539312538672133,2.18516151611404,0.5028776168100442,3.0185256576674733,2.2796146813071467,-1.7287957617977205
1.9205251576375935,2.1608091573545125,1.9924794479379733,2.3249056673416586,0.4222689937256421,0.9219582271097106,1.5823425577227421,1.733304660658268,0.8723015060070499,2.506577765989743,-1.7218960775365963
2.465958484002108,1.0926586531254696,1.5673383263737581,1.6272243695571236,1.1545488823493635,0.889712549962465,2.6883068247977135,0.9673606933302782,2.216790185212935,2.6410701898398017,-1.7210814035781106
1.6567273083820486,1.6917380500265013,2.0125096158254143,1.2762754408114214,0.7318305252025537,0.8999800464767955,1.188240361616956,1.8016991262808644,0.956004084876837,0.7813450929460294,-1.7181349647078346
2.180565118789673,1.4750550985336304,1.1003570556640625,2.112260103225708,1.9043742418289185,1.9298605918884277,2.07792592048645,2.1255593299865723,2.391042709350586,2.2600162029266357,-1.707328336674954
2.112128396810458,0.9650266260487732,0.8881241492483096,2.284741630811466,1.6395583937600544,2.9071243425631206,2.6779719477471495,2.6125424551485037,2.0175614957198853,2.3453825315409276,-1.7045696001564121
1.1227899643919692,2.520160072896542,2.2737242858783233,1.4224052543824377,1.0970709173854791,0.6065288122305672,2.424697392620411,2.20007402844801,1.1044615939952065,1.5764047734743092,-1.6972321454162622
2.2487407916722195,3.043900815956494,1.0792402078248513,2.8671861255031486,1.046708442074877,1.0643133384423948,2.7343775703251687,0.6835508934001061,1.8692767203143335,0.4343806411589053,-1.6922360525997118
1.4517384766948807,0.9995324934849528,2.9051398093674985,0.6652619904254634,1.0862340008960996,0.9514595385891067,2.3675316591905933,0.3281586588493093,1.4202251360473817,1.2461530041369713,-1.6801850517183576
1.537449433374287,1.4283801754792902,0.911962021598054,0.32421110726772184,2.614591560236773,1.5165376959827928,2.84396481116838,0.31093816160287374,1.9849370052149728,2.366259517362008,-1.6798431752819285
0.1227410882320408,0.6420167913963363,1.1785779188087797,0.8296543171892474,1.7817036276829914,1.9143498758783324,0.824421853863402,1.6196584855809824,0.6293293188286005,2.560040194876703,-1.677524585438767
0.08840362001353474,0.5833035828577178,0.1282235503556859,1.0580156929414575,1.7313886756935646,1.3247118104298328,0.11797016733865706,1.4472588532214214,0.5067927790401625,2.202844088046393,-1.6743015219229263
3.0506809056627064,2.4401054818520462,2.399599769704338,0.5387448915166949,1.159446025733653,2.032988554112126,0.8454482514185778,0.9537791557647888,1.0409880541455117,0.412611349616699,-1.6580791346454313
2.3352478732186253,2.1903465722427806,2.4922125348910815,1.4421205825084515,2.101457644478515,1.9815030654958539,2.553987509045289,2.112310261388636,1.6821016519897651,1.6845478637050877,-1.6521778311399962
2.1464377902159253,2.7348248268140862,2.066710002088918,0.5048461317329058,0.21527457169648068,1.1528274942160386,0.007883406291915085,1.2718348207354302,0.6948553628615151,0.8325244634428284,-1.631749368838102
2.7976070425359625,1.0460408582802767,0.7074805170387656,0.4538570863109971,2.189926315171758,1.6124552144866002,1.7641196394897165,2.265870039170827,0.6587642026543754,2.718894068214834,-1.631186673730443
1.968685309524047,0.18479710896867596,1.888215498607468,1.1460732734049832,1.3674774353428543,0.8497879381387194,1.740223003182452,2.4630343204825724,1.5338441299580567,1.9370157976638673,-1.630212985809223
2.387353621378997,1.1896457009141101,1.1422777871509977,0.8284014707737797,1.7702592360133202,0.8199946446811048,0.9610501269049819,0.08583908453477984,3.051813380729617,1.7832861001721778,-1.6292438765156236
2.462592601776123,1.4366525411605835,0.8259103298187256,0.6416054964065552,1.9764567613601685,1.1518406867980957,1.8683834075927734,1.4442936182022095,2.0347766876220703,1.7636609077453613,-1.6004658362878987
0.4734580345310293,2.0454053364427836,2.0202362624166486,0.608144930529139,2.7764209457261884,2.9487594762922624,1.134160009192407,0.7837585638977215,2.0936199711083607,1.866667413531992,-1.5801427757298736
2.351433288961813,1.9013366237095044,2.145377636183319,0.8413205645782591,1.4571707275413135,1.4528843086156074,0.24090854991662392,0.6116095558649524,1.5618563736709263,1.1979713324368433,-1.5776218719033688
1.2107794379071466,0.7875049333262264,2.239782066376173,1.5055334895543315,2.492964049562123,1.7671663866586256,1.3406366618940002,1.4696526960903449,1.2667034263013268,2.840425974719171,-1.5771590143229917
2.1364540137735024,0.46606415498596654,1.0116839037633865,0.4970413279347785,2.065340824791393,2.0439311243791582,2.0776970761326883,1.2820878757295096,2.9182930737671007,2.6823691729745445,-1.5721621339634402
2.491890968381348,1.0553566918886301,2.0220409195257165,1.1321891340174237,2.475103795805954,1.2158466083024126,2.7963691243676285,1.486478073878759,1.2365022752620927,2.243647524956033,-1.5647165719170786
2.5604799145801977,1.644229548990783,2.08145134746806,2.3681610159819946,1.131293725508779,0.8136584180113235,2.6299783337615796,0.004923962195173104,2.040600590630139,0.6459385134794922,-1.564275459145642
0.41852607283666177,1.6457873859604126,2.638145359815103,1.0020519111498387,3.0606049254224006,1.619735981751586,2.6332834037565607,1.6863645609814248,2.1460389475686394,2.177332689933503,-1.5641464262090532
0.5596502406719457,1.6231637619428967,0.974565344352654,1.770846380007619,0.7696078733330058,2.9616353090845333,1.1860075986559173,2.840999645364706,0.7967392088742329,1.7156382975390345,-1.5539937379938182
2.213404840813598,0.9182103913132091,0.29748522157135615,0.6180731172130741,2.3305893806758413,1.418530411659718,2.7711291992777864,1.692056955677815,2.672316134344559,1.7618867022138067,-1.5530795860605362
1.8762435182091832,0.9950722210821372,1.796016712403493,0.05306120265024783,0.2456669749132096,0.9411549833070753,1.0949305374160512,1.5098181407101705,0.7951240420971414,1.8854515671927148,-1.548442649471742
2.654811169270072,0.6190906567776995,3.0654384666583203,1.5983434884062526,2.1464110137596184,0.45974616318132133,2.554922208825876,1.3259087505602563,1.9703970427256439,2.4058729748139047,-1.490000573107512
2.2941102911708455,0.19585700687779967,2.5101926251931177,1.2691620055469555,2.6515658576049375,1.6483262960473657,1.6612425821452343,0.5583563264353629,2.1968304474727662,1.937809437022703,-1.477150979158713
2.049332369139535,2.699201828391169,2.664754167224082,2.5920610546033793,1.763654925300333,1.2704704873723773,2.9152770638445182,0.397106035586399,2.5116349605634958,0.3532938782491277,-1.4727056980373894
2.9160503365425225,1.3338871300480517,0.1246947419363007,0.08738521228213376,1.9306220077205902,3.118870260445698,1.4328536615701335,1.0747178817882632,2.4444844936339014,2.006795918906136,-1.4485150304962116
1.8615662786622695,2.738730718214298,1.7337122658598476,2.9523167774039463,0.733380583417425,2.042968841113363,0.001219029918495762,0.9278789810243657,2.6009599414753315,1.008907970602759,-1.4362677384102076
2.5432727011332426,1.83432280694341,1.6338712091553393,1.2029086667753741,1.2301312140434653,1.8737817045377605,2.666102950307791,1.3479160891328708,0.39297802293348016,1.1211038910304272,-1.4294332285411209
2.5762080485027337,0.5924909472131287,2.6251618347022303,1.7749944330048275,1.4940210730963068,1.5614749258335183,1.5760910821891176,2.3920426404622077,2.475500838930934,2.1475352279399167,-1.4181047828487883
1.790249708711605,2.0424821104752957,2.452624671868513,0.5464387636961607,0.5153367038339873,0.9826591291807802,1.5478417119427244,1.7611713794984387,1.5198995046299577,2.1800597231830405,-1.4077274209702317
0.7255607843399048,1.7902127504348755,1.1073949337005615,2.0048065185546875,0.20906423032283783,2.157313585281372,1.877627968788147,0.5988426804542542,0.9788864850997925,0.8477301597595215,-1.400862819394527
2.5816979911156563,1.1434989241638427,1.7815066713806167,0.8119524786416151,3.122652394578645,1.3220229527898941,2.51377208877026,1.8549635809540042,1.8940550609721327,2.1134103870989636,-1.4005403351882886
2.484426227824865,1.4196259466486683,2.82749000527576,0.5238667660354484,2.3140902323153156,1.0360785373584132,1.203756110888286,2.3431588928384395,1.3780782044062048,0.8398010564300323,-1.394553247442339
2.967727836733419,0.528583769416499,3.0105397818665316,1.8196766643175806,2.017175106374567,0.31267267910937213,2.155859870936269,1.383389961016031,2.3915096971467915,2.536244101835992,-1.3937207156620397
1.7360395078839455,2.0244533506647278,1.0730489485674866,1.8837022182812455,0.43079540585398984,1.7850386949492876,0.8955554175298611,1.655398078817722,1.3403527591562037,0.06209191576124706,-1.3816550077200354
2.4809500055958917,1.708557468441415,0.018984732243398195,0.43732765694984216,0.08913093974303854,0.9609470549348837,1.5409859931611214,0.657015447732147,1.3775334362248366,1.1629508054143103,-1.3810848640358424
2.3771188908260164,1.96749232345672,1.1273377832961673,1.8447734395026896,1.8749885265545272,2.181351300664285,1.991710640735108,1.831401271814299,2.2676740356158,2.523508019767482,-1.3612519165213335
0.6544531813321861,0.9419672239894841,1.6248260266598509,2.4487856132513977,0.9218258155865645,2.376066572464471,1.615608959486825,0.6183251298604684,1.135493880828285,0.47138069002840177,-1.3381721428398778
2.0339420799296564,3.0981663375747495,2.888402911281303,2.927103372277654,1.630162525756803,1.1829871302533697,1.333139893600822,1.3145287334319802,1.1779513069628964,1.4066260700599715,-1.3353359316869056
2.1293784145495187,1.341521404629856,0.772105315638526,0.47947343866463105,2.9299118307343006,0.4794330249660254,1.7875107499728697,0.4362025876870155,0.8192050356801002,2.3532867041008436,-1.3049056700365766
2.3141160452111635,1.2171069194528998,1.561131295346538,0.26537050333239326,0.44597097447459455,1.2166832978721338,1.9455614342326228,1.1488322207699064,2.3782439317865367,0.7171050688383583,-1.28581865793046
2.0360967009236615,0.3161421993121498,0.2520925560030678,0.5584583051369656,1.4022499157945898,1.3268361241085396,1.7871321163977025,1.056075613381752,1.1181618098933117,1.5852016437870389,-1.2850809586393717
0.16906756057646455,0.7123668377803386,2.1591633844185982,0.15450133300949462,1.0441913020713085,2.1153187203025308,1.7433673485713672,0.8815674341495698,1.5632937673661398,0.8061850081572766,-1.2752401815892818
2.954896644474783,1.3642304300830492,0.2839570323305472,2.980291385096768,0.49255606370819605,2.393451338490337,1.5090197349719636,1.5142244679808654,1.7804240531159221,3.0623458141169375,-1.2731256429754536
1.511149465957119,1.4130263618971546,1.7000033380927189,2.7168849688946954,1.1648608372630092,0.5027659167455715,2.194835875377731,1.4031411946457364,0.8637025770015635,0.9317507821151857,-1.2438074468431277
2.0685580941559696,0.9771101759996466,1.9490430293549297,0.9242162057078208,2.3395543898392384,0.6161240338271673,2.5912454979494015,1.7263652348782532,1.6073827986072757,1.7516273057733542,-1.2435262818717339
2.6173978358873704,1.4800157027292609,0.8104630487334392,0.620568183556846,2.623888630446137,1.0695930721375144,1.5788845745581792,0.13445822599900514,0.9457231510095341,1.785051331867656,-1.2417962346783467
1.9605208827794702,2.8985910146817653,1.2396538430688788,2.0241186555755393,0.8191353934644512,0.38834578801235753,1.6752099777688583,2.0085628347742492,0.23000277468383645,1.3939420315500564,-1.2407531654057826
2.407050450677263,2.543927923211837,0.07484075082032382,1.0081610966388412,0.7113461441824203,1.6686388631960904,1.1689103459143386,0.8863127840831158,1.241503246534819,1.356237743431023,-1.2402673211621587
1.4176690050374259,1.582318012533261,1.0091831201115862,2.2354203843515625,0.1066778562627621,1.90375145988452,1.3943554629964492,1.1835757273949865,0.5448342435929789,1.3856452105208834,-1.2385137975926348
2.4433694652934603,0.6985388263781246,2.1565043074364385,0.3034609210405297,2.2889719161597606,1.0032916688542075,2.2665278144094443,0.6711561687974638,2.329300789370561,2.075516972995505,-1.238093276775225
1.2028780520125595,2.4228981360706463,1.5922418617003402,1.5055697932388343,1.8856168968112272,0.5476970878154415,0.6518602850438593,0.7991158319468257,1.4453710153028994,0.737326762565788,-1.225093644432786
0.33433869802625904,0.03400303338746772,0.21756919172919537,2.7044490846985845,2.324069679299941,2.1936570557076625,2.254237525426051,0.15825001937950914,1.592292244576858,1.2197689049495801,-1.2207529121846248
2.8427444436836633,1.751355931356305,3.131670203509952,1.5381616067883213,1.0936989162635047,1.7074249254684444,2.043164115135581,0.7896110613039617,0.23227220665264087,2.989048219083861,-1.2158373918099217
1.7229314489700431,0.9031205768491785,3.135471755181354,0.37449466771410056,2.5947897061741383,0.5705202813700678,1.874206414692942,1.1185842830424646,1.3711489483963024,1.0798392096774907,-1.2043977749536054
2.2994682732962017,1.1665004631481568,0.9115839594438092,2.054284784667564,2.1047912824700075,3.0866489766037746,3.086725472108771,2.328150131041231,1.0158838710303983,1.8291884484146348,-1.189788308590658
2.106558029554055,0.09929565877398394,2.7584261117504614,1.517455347582568,1.6707928874517521,0.015920386695690902,2.464014296672006,0.9459435179245717,2.0922450886628936,2.75466888467715,-1.179337007008247
1.2869378210138707,1.8413754818483141,0.34960846585489963,1.6784277955990485,0.9733107191650807,2.437953650659256,1.233847680359641,2.7856095109719567,0.9423746011830194,2.703352738504825,-1.1700682581281991
1.6068229195564128,2.5770133408440485,0.5337912642395181,3.0861509307133215,1.317852894720436,0.9956714002322569,2.9687368125498748,1.740537357401947,3.081162215862847,0.2678330810752789,-1.1550590963278529
2.7135723788126818,1.926920746904979,0.556907939767473,1.727862296713301,0.29598902842307917,1.5008236568301565,2.8148471971046427,1.293074651233819,1.6948011435974741,2.3407819051730536,-1.1525081947012858
3.0159085744308296,1.9348366518775928,2.3250637200785773,0.30912043533390815,2.2285140394245295,1.014099129779098,3.0042059480197505,1.2842910188343801,1.0708410944320357,2.052994975764526,-1.1510582329144372
2.6460261084783587,1.617038838619332,1.9857609742140294,1.2455314413675693,2.4325941130790865,1.0641768296729057,2.0208711765123275,1.1154523333456572,2.733883011969296,1.3358025998104972,-1.1161660946820335
0.3178971304501643,1.9370725206399364,0.2793134188674763,1.2247966571131028,1.3168596378580255,1.4057904658878417,1.0786226002030017,0.7888363653942794,2.7006155840076076,1.622790819341337,-1.0942147642639932
1.5176274499692153,2.148410768249849,0.9473460628301111,0.4090167700668008,1.4275753185983688,1.501544766458931,0.5996771982730584,1.8390341932577001,1.9905186464870332,1.550141241853096,-1.0940355397031465
2.434199190359966,2.3534662339245487,3.090421456077213,1.262930743789583,2.0036968792189582,1.2803418030718172,1.8037397256382206,1.9314220153672688,1.3063260156048562,1.4294637255461922,-1.0682901694256395
2.964960764309862,1.799425181481534,2.6792879660324678,0.004435535863773238,2.1205593837318415,1.5638801145754067,2.1380264271333917,2.985289408239158,2.136446685376487,3.0287077248570506,-1.068137102317199
0.9875284467721237,0.8848495847238766,1.5225221327411378,1.916296023622523,1.2324192488405505,2.5230644379725122,1.3590806302140963,2.0310279602722354,1.2032063320362447,3.121748867987029,-1.0663089402689376
0.861253101014659,1.5143060353802889,0.9058854284616412,1.427248296282102,0.2980722515878801,2.7568165079459517,0.9926522243263456,2.5571435839509924,0.8451212704576347,2.4154177922099342,-1.0623455710243137
1.102060817209444,1.0977430402731072,1.4650059623310212,2.2249431187887345,0.9684834108972801,0.17895354869603608,3.05061545207266,1.1370298159136787,1.1750394290260746,0.78293437976014,-1.0621320410531825
1.0365614648280328,2.465714563911817,0.12444139290589548,2.0156047976451497,0.2519396051407722,2.255448376599328,1.4710675531030064,0.4993785346730514,0.46195020609149834,1.2786891276919148,-1.059390101852255
2.0596681924612823,2.6870778494824323,0.14540925376276093,0.4172171935572659,1.9755589797146458,0.15636419587539363,1.9570348804290167,0.8874875068192226,1.9026048743542887,2.488500804409241,-1.0573845869628689
2.8939629114464545,1.3205539000782265,0.9329203887374451,1.5776281673171038,2.1858985513613742,0.7274941452673416,0.5031053790191791,1.6455160543200351,1.6274062054425427,1.4793624357744228,-1.055113216149599
2.3868628921538804,1.3707105771836172,0.4004253607814745,0.8667790714637563,0.3813366910776409,2.075946374298631,2.0645112668256234,0.10257133849736488,2.8757878911347188,2.0376397626780247,-1.0502481955983578
2.769788928317178,1.054217146846904,2.422829276867572,0.2745787701127245,2.799109284731686,1.571899400088905,2.1676986579465023,1.0970526408744248,2.1210755384999223,2.5911647903959523,-1.045355102400159
1.7820755498745475,1.8403306233798333,1.5337371304484861,3.0600812551480168,0.43066399619437584,0.20232549909631337,1.279874243675463,1.1331451542508248,1.648902780114806,1.632235087717834,-1.038372592960209
2.2034218311309814,1.2445552349090576,1.6615229845046997,1.6768088340759277,1.6120924949645996,1.0228142738342285,1.8054757118225098,1.906726360321045,1.725171446800232,1.74419105052948,-1.016675154203836
0.2717833157313288,2.7921580573120734,0.16259518571386675,0.7474277209458938,1.6935831598950675,2.948214118900679,2.7198710694695007,2.1674925257293873,2.9917257869210307,1.1409086469382907,-1.0103851375081647
1.6316785749605363,2.4229048528935415,1.3551341661357785,2.204463541806387,2.859355691181402,0.9983131518498249,2.9846235474586837,2.770464393277673,2.895727921431813,1.0126809638637988,-1.0053808046977393
2.341968029427795,2.8274637549357866,0.7247123026257546,2.211821715268314,2.7038708089837167,0.6162753683969702,2.355107414362567,0.7261349342230797,1.4555018556621155,0.8831340685619853,-0.9970827901236815
1.8975635579917793,2.10768007694767,0.9905126709979227,0.17237817842274084,2.2502442809541234,1.720573367571395,1.0675492985589137,0.7102298748513146,0.8581731585634796,1.754631143618382,-0.9876389226375959
1.9182606579969037,0.37245257119446074,2.977365390351723,1.4058054540962819,2.5491495254787484,0.5524460611565638,2.030666396358473,0.7744263050570169,1.8119390706720444,1.819329999050204,-0.9853481171333676
1.362193172787358,0.24462476565790703,2.942545972736319,0.7056297356371132,0.785820061628378,0.006903019120744425,0.5280366222637018,1.623575769663622,1.7847667290064053,1.5797506509248154,-0.9740574326715543
0.760095854985257,2.9576209360062875,1.8353399925068064,1.1845646308591729,2.526852323973388,0.44608795820182423,1.82019578914712,2.7215483166854426,0.9777609393642361,1.605207107600695,-0.965928982669356
2.311440189566561,2.1471922748135976,0.16437778146291038,1.6724612949080644,2.125570571575756,1.211457722651667,2.942180752060344,1.1463431056551916,2.957327072546085,2.3108745155820025,-0.9630072184174192
1.3634517261148371,1.7618777355425197,1.0560890346709568,0.9689357231034434,0.5646053331385543,1.4550752237010476,0.7813526113426021,1.5247158372867355,1.9137739504277067,1.784787501809695,-0.9610108216433929
2.665798146911281,1.5309282812716964,1.7347613087346185,0.7725328067237113,2.0886840668892273,0.445127175357578,2.2827308248789024,1.0530316940181799,2.1623804899308663,2.4830305084432025,-0.9575999180146326
1.9560927734183817,1.469233118336098,1.769470340629404,1.3584755019431602,1.6007298137300718,2.274177676273891,2.345892009350345,1.2422822090621914,2.038992948703648,3.0852232669385002,-0.956127165748043
2.2169717420404993,1.340419984405639,0.0023506610789744142,0.13677649340739745,1.8728193940785338,0.5748693272860063,2.4440262225057072,1.8389185180801388,2.6113860776161792,1.461901294792836,-0.9485555914575439
2.6974594969495214,2.044199831992205,2.474351948000412,2.4676776646530567,2.4856101700135365,0.42842414715511706,0.1414213523040496,3.065868479092655,0.8032563715884155,1.682483330627785,-0.9123857243060425
2.4469702987887203,1.8766877602877758,0.35643397832931534,0.33779672624694534,2.4810465226871345,1.4479595771226546,1.854867288640009,0.5850751565124598,1.5326294655981934,1.5085137419316736,-0.9091121500404884
1.8120924675522767,2.1909118434843595,0.8433409596085493,2.499865145101934,1.5464961152855285,1.7576717265544064,2.9743070897742414,1.0468769373510696,2.1969333873023915,0.0913128028401261,-0.8972515567642283
0.4214804332758779,0.3051991037116588,2.2082200543977275,1.2636723995043948,3.0429482728584945,1.743225039648941,2.299729264788776,0.5637335848595498,0.5782536748862984,1.4562481853385263,-0.8959753649654614
0.03817694318783837,0.567908277944775,2.4942345904253194,0.8841805183023057,1.6329488970197967,0.7846164984190703,0.18437489256502237,1.1159952643208821,2.9709541467018514,2.337780707109981,-0.8942405970854825
1.931756854057312,1.664546251296997,0.4671728014945984,2.1336441040039062,0.4876655042171478,0.37052810192108154,1.6696901321411133,0.3251078724861145,1.5195746421813965,1.7821778059005737,-0.8921718055266188
1.8177880363253383,1.806252993038161,1.2076052194353468,1.728275489861708,1.513639020610853,1.6864592499723547,1.7153735744359793,1.5917793139126064,2.136110274961428,2.1422696599229285,-0.8906749685813483
2.4895293113731802,1.2950652484975822,3.063814026536937,0.2433113229838083,1.2795684702642394,0.8760468927612779,2.374342941534266,1.8986353849011048,0.37079401722584815,1.3358332993918782,-0.8713070393508123
2.9990261629684998,2.13326062287593,1.3925690626124114,3.0041626705269286,1.4741366094622936,2.307789311277998,2.2465315750755397,0.10237574211883371,2.158178654830643,2.6212518989040117,-0.8689110752766346
2.086056026263629,1.1665386504181368,1.4645260390504207,1.8358642595796084,0.4860866433824548,1.4372105910929478,2.0324108631292765,1.9400854124463642,2.0915251245904143,2.431392774161375,-0.868654680186552
2.638295826725839,0.7815270945507609,2.8431444034017668,2.0712947888308655,0.6194480927830055,0.3300212985110422,1.4920926754379369,1.6986560275087683,0.5621504185778993,1.1045144155253022,-0.8596074372498773
2.263953709045978,2.098407607947516,2.106543287204956,1.3353925069118386,1.9730206859430532,0.2443707391375204,2.660455708665178,1.5357182236194993,1.376796278238302,2.149889303171132,-0.8568110095255993
1.9723279139113128,1.2362687191434154,1.6347061665478038,2.1735948797121836,1.933906477821905,1.914250523140682,2.1197910876956034,2.0111203725323823,2.492579752571365,2.316228529929284,-0.8472340149678224
0.8773018381711221,3.0210430653012312,0.06510525679854307,2.6506149540705066,1.6237600417174323,0.7806122851056878,1.4204191282917447,1.4513365401527625,1.1991727874180833,2.154754394200551,-0.8468455327381595
2.014808064448494,0.4118407621896436,0.4982822167003036,0.02427149710014854,0.8590300133233925,0.6055971585744301,0.9992607060770807,1.3086062153129392,2.6101213857611616,0.9826485052048107,-0.8435068950748337
2.612163248578739,1.667977764887358,0.8499621517542943,0.002522264920929093,1.8500758249230542,2.4404321949422494,2.5947781371215988,1.0188833132154487,1.018872995383218,1.915498933115518,-0.8314672856592484
1.99214390662349,0.32076298661754077,0.487812095203048,0.7953285070665795,1.5022936066642425,1.8408761990971378,2.1772767956086785,0.9452999650167816,1.9312113212986055,0.10538695522850124,-0.8219883598420884
1.6054845579605936,1.2628071460731989,1.2123799289997503,2.8517321106762683,0.8227917141684065,0.6478096557495494,2.0959041152304274,1.5469268870923942,0.15596356647344867,1.3275507270953975,-0.8078366790713716
1.1000898883937378,0.9661439224393524,0.6258945409851037,0.9433243435691734,0.16843396745589811,1.0349049639559837,2.4472372753480496,0.5615516683900906,0.7664045598717696,0.2913630460192589,-0.8071893289916466
1.9286253598634684,1.7036343044515236,0.5556262789008186,0.00979289137619696,0.21177958404730401,0.6520905413877491,1.3770938572578881,1.2486567782023978,1.4826424736212458,2.144543345962875,-0.8039026471143278
2.8513842254623105,2.027224893305607,1.0134549799191082,1.616968282331352,2.848948711284587,2.6660586031448803,0.741579923856766,0.5008241748886191,0.4648634165159721,1.8389817598667366,-0.8003129633812744
3.0188923470394937,1.3186011924344814,2.774025104113946,0.12032166846677358,2.402584057427385,1.2652275812946108,1.603728984236374,0.33536088737196346,2.760930395257458,1.2406734023932944,-0.7933394929718055
2.27542183179403,2.0663908033220864,2.5389220873212213,0.3940376904444561,0.8036820533568128,1.8929767743555126,1.6189981054393048,2.12814187291545,1.8205221755786987,0.8900776669104993,-0.7906398673712449
2.397832501244756,2.5180438417331814,1.4152989121562851,0.5560942071144651,1.7989105088044688,1.708914298725416,0.5877513694483787,1.1107817015982566,1.162231600358794,1.9854578757137786,-0.7814891458769794
1.8135568507840034,2.7936615634975728,0.001638163540993609,0.2277331998577259,1.4975335519915056,1.9187992819209694,2.3145234459353423,0.8446621656720058,2.271251592125071,2.3568705357438335,-0.7786286437026443
2.028670700950403,2.2031946801248408,0.6722319395694318,0.3143481149653588,1.3881297796581955,0.7407692715455382,1.1328426329105437,0.9406852519991576,1.3292119849519777,1.4985629721783653,-0.7782059156838618
2.9497276220588944,1.2835509610355014,0.6042969601653088,0.017876719598114196,1.687405571826623,2.51757751376894,1.6524756416806046,1.1935249848267715,0.8855267387394419,1.437339286891694,-0.7756720143860838
1.7627751021520064,1.7566155318927064,0.5435313449080003,0.8603047346309916,3.10392401618146,1.450905581937022,1.669317280822868,1.3960245241218432,1.0315600583642068,0.8820002516513165,-0.7660341283146488
1.4967692308363911,1.8634267782338347,1.4759228300860892,0.07269984908974632,1.4440644730511285,1.1419525472648517,0.44779460102686186,1.1440165646129656,0.7452746525827771,1.9191178396815256,-0.7558877133921426
2.2958188638948194,1.015831143600729,0.4038387740597189,0.20526166613607735,1.3312692440499034,2.475691565867807,1.629064710652124,1.4298113595013053,1.3726835441190428,1.9636838420073957,-0.753736288326474
1.8808821471888524,0.2404545039943028,0.5791773335718,1.0272301744797225,1.2913226445480464,0.4084025598425806,2.263774439789065,1.8918176586316586,2.0525575586537004,1.666019545251857,-0.7528038223387908
3.1406543179900086,1.9997311024867086,0.4681317334074237,0.784151254014052,1.831823972023974,2.367353596670609,1.993819152809912,1.5704102266123594,2.674923603508994,1.3218750258300858,-0.732640239258458
1.6935506143841084,2.6050383115309663,0.8196610399745081,0.6646521309191669,2.6710654069285646,0.07322994093923407,3.115416058145998,0.8358094664900754,0.8747629750398768,1.9186411124588445,-0.7304155562450589
1.5701551497813855,0.5080688392694768,1.9050994053813262,0.7085742150527228,1.506259947831434,2.226747274034218,2.484445400776577,0.7528717245215595,1.1170514575478,1.4065048648235938,-0.7167982472024479
1.4328778992403906,2.4425032541133707,0.7593439812856881,0.44295156611043573,2.295509833846234,1.7702292777692312,1.85331951054699,1.9470543597132757,1.5042020951748234,1.7973691993908132,-0.6820324045745502
0.9108402173495762,2.0042251238880127,1.4333181383249423,2.6789575362645346,2.9794553555738,0.6773195650527868,1.3997441106652895,0.5547340329301181,2.89920025875972,1.0747304572427765,-0.6744481384456703
1.4224459654146409,0.49774782346874225,0.9720556714200459,2.7834059037748093,0.3488643701222311,0.1735514934285336,2.3219656118121286,1.3953211627712798,1.3415864709052332,1.7664810833032385,-0.669279605877545
2.5304151847507947,0.7425628681226387,2.062713164322476,0.37634228992571506,2.7005271497299845,0.8409982464079987,2.397311827373595,1.985449382504747,0.639838781367154,1.636303025887141,-0.6591543292569243
1.9806736954609816,2.979536316985583,0.5100961546405949,0.17793962923273207,3.001349926856571,1.7386029913314556,1.0503019025262281,0.992853959811927,1.9911301834156074,2.1880526479057822,-0.6515845305354506
2.354272618208545,1.797342000290772,1.87887667317371,0.12444377116794206,2.849218543858089,0.7641615997487416,1.1363109967330276,1.17252551617455,1.551270668424631,2.193975102424101,-0.6499817819652612
2.3107139434279222,2.0993771000681773,0.2634181528657542,0.33441902802979384,0.16027070467469812,0.28932041669592035,1.6868385783888094,0.19278960429724,0.5729404085477483,0.5568235576803128,-0.6470708343149535
2.7263965702612847,0.01572176214838894,1.1272336056122836,1.3296250632173652,3.0312782014254105,1.410650549565474,1.7541959743793794,1.3161605085740007,0.9682915133099019,0.4922298812610859,-0.646363655464779
2.3152546882629395,0.43515869975090027,2.613222360610962,1.3764111995697021,2.036592960357666,0.5223625898361206,1.6190035343170166,1.9016116857528687,1.3990907669067383,1.5114811658859253,-0.63952407874243
1.4833930228566652,3.139620592331176,0.40544737007637965,1.731793170733446,1.6589271794844498,1.284231726368403,1.9402034435670625,0.42200579142466244,0.6681269293862503,2.663384611212299,-0.6309361260265532
2.7392030878595404,1.8970271687409979,1.1411497113012607,0.7924876768435644,2.052361171143242,0.7759276947088826,0.9371726204007502,1.6916203401514402,0.25384580582918703,0.940725280789396,-0.629905458376798
2.8711361798262915,2.244188063264599,0.24030289552906592,0.9204714237918352,1.983696612247715,1.8045078959881946,0.4308079103683746,1.008795870655967,1.1661340167779786,2.535075798230236,-0.6267635133561313
2.397608011636978,1.7633768336099085,0.6147972434515526,0.9344203382380367,2.8945951443332247,2.2190319441153434,1.743630483230425,1.4932712885727462,2.1349028893373774,1.6332015248643663,-0.6227481472309945
1.1812242012771308,0.6915482890776217,1.7596792391584344,2.880304622186733,1.0561462499011567,0.3936329859277835,0.6444896543781427,1.2196889953506547,1.4321284034227186,1.6956371147069385,-0.6154778871163656
2.858692242747923,2.86504905009716,0.034697235566022555,2.1637337694308743,1.6783839495782709,1.3480710672247629,2.349258426391173,1.4543014801471388,1.4249139629226204,1.3753143760030833,-0.6101515846568136
2.0736354429309123,2.3044475701667917,0.3070930387638973,0.8848645755517944,2.3646288530857427,0.26743253803912537,1.0273165309743404,1.9823388797434216,0.08910382661995875,1.7136984175577759,-0.6053180031307331
2.851650097147047,1.0406439683971833,2.3538735302250577,0.703903194572855,0.6904665862700663,1.8324742558859437,0.34910436551427204,2.256996677708703,2.24099676150326,0.6194067297957098,-0.6042288935330868
0.49619482017168015,1.7533622129250026,3.0175613057783166,1.0036019700430177,2.0379260186055923,1.1606461916446755,0.31328032975723064,1.017903977203778,3.083565706651604,0.01763975647708249,-0.5784096907787675
0.7039644575164661,1.7354854461700269,0.7543788837637684,2.1124687383614127,0.8623915528322529,2.609786581233404,1.7035782392719758,0.6738071362589191,1.1951286991526653,1.0221858338083463,-0.5737264624258447
2.85069904521932,0.003470849708908319,2.5697318975253043,0.751637637210109,2.7632654189555854,0.4810389800981123,1.550636681376322,0.8564688578335848,2.3096554349887253,2.89070001228347,-0.5419913634617823
2.386482071768668,2.2638291834227444,2.607145426041302,2.3737962221040525,2.4287358399098133,1.8021160060063746,2.7593051441490206,2.197092694319679,2.7575078357527905,2.2169239425226897,-0.5206878778475534
1.6938457552304291,0.9730583639965811,2.697287564601639,1.363734891766881,1.842091581118391,1.6765321135488236,2.1847508343597255,1.2367033027400582,1.6930826596853983,1.3008976019747474,-0.5170712620990021
3.0196422442252158,1.7469116999367436,2.554621736764374,0.4921872598258246,1.346213028474727,2.1361590890099693,1.259324631131547,0.8961686592545763,0.02320224885715927,1.6101203337022654,-0.5101073110057849
3.079836731487913,2.810242540838154,0.002614987781428102,1.8025308871432761,1.4182472558244443,1.6912110947944587,1.9343298034218452,2.920151032904297,2.4931994030042874,1.2650621566007478,-0.4775538525056986
1.1530662214923653,1.1724377005863489,1.1011519503598464,1.7278987074136045,1.110752792842732,2.633508687403823,1.3779678649148064,1.5912422166417106,0.6068556483800012,3.113305301196333,-0.46545272624831124
1.725714106872707,0.887631468175348,0.05391631476438774,2.227087989048224,2.5342449503430458,2.0843494407663186,1.2287122050072046,0.6236715089991394,1.6031126085478682,2.5509718986142307,-0.45908327506325497
2.4569761491983217,0.04358402555377272,2.8405855733517846,0.8711888455493597,1.8986884641653405,0.3535656685949522,1.7953151025614658,1.0230236147185914,2.0347606959357343,1.4015131653156465,-0.44032637546968584
1.2649086797263904,1.1052332807010496,2.40100197559954,2.5689704767091905,0.6512856019556016,2.822707837620097,0.9724443498702056,0.5798941235460888,1.7614373089367061,1.1775756672674866,-0.4400480967853493
0.1835259011220442,1.8833664348720218,2.1466836433807712,0.856667591434092,3.129063437707068,2.6789980518449306,1.0042780014783639,1.4852651332838986,2.295292211429961,2.563596421968224,-0.4398373923616599
1.341123811531143,3.1403854605534187,1.873816611058159,0.4488742007940121,2.538963084904586,0.07039021690145963,1.3115832138433505,1.269247276036917,1.3210642656673353,2.0145840066366993,-0.43905448862667357
2.4863197803497314,1.742965579032898,1.0216799974441528,0.7609913349151611,1.9229587316513062,1.3414115905761719,2.151196002960205,1.5502827167510986,1.7546261548995972,2.1517696380615234,-0.4253583144588384
2.5585858013304934,1.9488235066184187,2.762630921956921,0.2656416945716592,0.4799884303834417,1.3319740633461603,0.9222803504885296,0.4626869441650345,1.7053152878818088,0.16519819021138626,-0.4133616684724427
0.37734018016780935,1.1719239175875173,0.8894462607966562,0.3558581234480166,1.5877820046790365,1.9690979358021559,0.7554256345298598,0.06119676421207432,2.5883852673823795,2.4277820402725276,-0.4003797414519673
1.98107224200262,2.3781891860639766,0.506111044090297,0.36167486696987367,1.1956531642677213,0.40208862409767554,0.7030389312859735,2.4107248306096816,3.114544620966014,1.6523919126132627,-0.39581944651209205
1.9568521455777572,2.0487413156811463,0.11513275545578816,0.08444856623281187,2.367800919489205,0.36479370951692675,1.9299967975615009,1.6683586628928495,0.9843427483873586,2.2449400202949263,-0.3827485576875466
2.8194444314407443,0.8111262454863591,1.042648783087798,2.151310171896314,2.264383890379979,0.31115761188040014,2.1285747949631824,1.1788061701101156,1.9095222906150866,1.7362849123974513,-0.3786145850985431
0.7440235834345277,1.12535711286705,1.4056100810575651,0.20666125580450218,0.641547685183691,0.13409327981416652,1.987524864047567,0.6093946608449798,1.7318974608896371,1.487366608076724,-0.3704124777890528
2.9122460316562413,0.7569630982527618,3.1350518498111786,0.0489857335651491,2.2645228608695778,1.9579166915087516,1.7514279809681514,0.4940352668484196,2.633717508606364,1.4566286074954953,-0.36120256229726244
0.20527795314080535,2.6619016491497343,1.681310889398399,1.8070600365699319,3.133992801237897,1.3655586782669689,0.5453008448881869,3.1102441727521652,2.737053018257088,0.5490457735191111,-0.35405847163184456
0.9199161468359127,1.331845703510817,0.7065647638263228,1.7885560814628834,1.5653765313991241,1.4982451296957926,1.5896575642080222,1.4335642144090313,1.4653217940546641,0.9855375282946555,-0.3538386945024985
2.5367183210694755,2.3275409860815794,0.8959103951694063,0.96451342662511,1.3626352542395999,0.6622411186962884,3.0716344968387053,0.6764724728886238,1.8352130543050382,2.242109894235011,-0.3497313397327011
0.46382904052734375,1.920544147491455,1.10757577419281,1.7901394367218018,0.32678577303886414,2.687816858291626,1.551916480064392,0.596522331237793,0.0930054783821106,0.4257102906703949,-0.33774161728785446
2.6989840391966036,0.7699824636575958,0.6888751852941271,0.9879289531898121,2.0061937131610406,0.2996522821034322,0.2490489867620762,1.278396990716472,0.5725760153276236,1.9122834291168056,-0.33697159038586605
1.3663573823273807,1.7390165460065852,0.4139297661293577,2.030004308363589,1.2074482389234409,2.3274959795154873,2.4186917238430974,0.9722702909531639,1.765871880878241,1.0655277652734978,-0.3273237611264877
0.6358948647993492,0.8837473503516544,2.3126470736391975,0.2920672181629256,2.395035442729636,1.7281331730509801,1.717888394464637,0.2188858296216485,2.251254950582867,1.9535085154350815,-0.32267713977959944
2.8377353741803284,2.2325494094560137,1.5250831065118815,1.4582618546026356,2.4346472104833112,1.3729777503632383,3.1344082981877923,1.7997797542743577,1.7321149624392882,2.3005220889536826,-0.31739476269437894
1.9336321969683554,2.285693852245375,2.5692130111010334,1.4677808106808206,0.7328653116237658,1.7211231060299166,2.0216744618202718,0.1709330037304928,1.825612674105348,1.5224013466336366,-0.30820334483730266
2.5097111100584213,1.122871594106814,0.22676565360253875,0.005652016219547348,1.131269554554204,1.0270162925077548,1.2463805436954356,0.9378701967818776,1.7388288129301679,1.7232353646164302,-0.2989526596538662
0.025842398757611296,1.2608627885909267,0.8524266388119548,1.3664868000720465,1.6495331952842602,1.066076156844295,2.1396249066634816,0.36761357737438205,2.035378415342541,1.4562904491737203,-0.2791325554647718
1.3371239071782157,0.16771571383424783,0.6860145346465624,0.006176772455249045,2.7279966965681726,2.277193273559812,0.9319579874996599,0.654178391262446,2.3719304501322656,2.7620373706642587,-0.2622864283715823
1.4192973339180832,2.6359914060600103,2.355964037028725,3.100096469266453,0.6883726025941203,1.951499401513641,1.9955424449108645,1.8410464765904064,0.010122154081572687,1.7905894150562978,-0.2539096963302773
0.6820938960253331,0.6201221216198013,2.08594147091478,0.1559470584704374,2.929298498713619,0.7020097305865501,0.9395402235322744,2.702285361468193,2.7745703124292556,2.2335096272908395,-0.22198819401329506
1.7441711559797124,2.347085301996566,1.6947523369207689,0.2504525685893147,0.21711799058017034,2.5443986483483667,2.582399954431681,0.24497298661074488,0.05067943319075704,0.6135991568451039,-0.16141240842235682
1.563222185591485,2.4923295619084627,1.444833289795998,2.7847777732421006,1.2501514146329498,1.1566228141999062,1.181403464429418,2.4373880973773367,0.2933584794472045,2.048346326871739,-0.16003495877954757
0.4155255564542595,1.8021070594098019,0.8077532658566793,1.2730710889987433,0.634634691123869,2.1749673809736727,1.2915030748359153,0.006158517869390923,0.11909047444200449,0.8866909112350574,-0.15005736994193947
1.71784681950467,2.2946899140665677,1.9349777464986648,1.6578536679598033,1.8849231579813601,1.3644761167823933,2.44315012314349,0.3549015892263463,1.7031683804256263,0.25873848817000344,-0.12850780567271883
2.74024875553487,2.5672141271749505,1.0718852623144248,0.5131818909184468,2.0334142666815174,0.051511369296354304,2.3913238326505226,1.0488494471001064,2.8281837724350125,2.803963265687705,-0.12185905600480071
0.5938883892881535,1.7878032075908448,1.597603011676449,2.0998053060314397,1.2617210912432766,0.2331434705014348,2.1445039778477155,2.5033985160788252,0.30269658440031216,2.011520619472065,-0.10640806217712107
1.8637307789128599,1.9283808940963452,1.6751439957840712,0.043956376935559094,1.566144298584261,0.19112081826187743,1.1348652259254044,1.5445375395835317,2.0793118353436557,3.0018042949630894,-0.10260186367246886
2.970382357730366,0.44435489967923214,2.3552025545140207,1.4973416255346235,2.7193420735291576,1.8902847421407607,2.2922123462183936,0.3877305661279207,3.1347097364006893,2.4106796043335836,-0.02212376001588846
1.6628604147195105,0.5445443566308488,0.44678905238677424,2.09137920027203,1.8408060140487859,0.017081240917540708,1.3183346052975782,1.1988201277643582,2.3390826841040506,2.0199667151853644,-0.012169771915166746
2.7796202564885584,2.8798730204818357,0.18642127105251816,0.16146693848378435,1.3009631567320379,0.10869478426584944,1.3291666388103847,0.5008540102529316,0.1682807151149167,1.4441477944367096,-0.0097419243783312
0.785025284533396,2.0840719573876005,0.6033343498747165,2.2984318501148624,0.1531627659190924,2.1301610252657524,1.3202463813311136,0.28274236807517394,0.9948510576231689,0.9358815046168163,-0.0008614592654998407
