x8,x9,x10,x1,x2,x3,x4,x5,x6,x7,y
-3.069159,2.584984,5.884488,-8.82928,0.330701,5.022701,4.400658,-3.487729,-3.812642,-2.718064,73704.60344
-3.035508,2.50723,5.919233,-8.857684,0.251146,5.002679,4.405917,-3.563137,-3.960397,-2.654657,75482.687
-3.08671,2.460855,5.936907,-8.970069,0.352587,5.09325,4.417213,-3.446421,-3.820875,-2.741611,75757.0953
-2.441136,4.405759,2.382726,-3.223543,8.524224,1.449177,-1.468296,0.307747,-1.644387,-4.624805,76218.62026
-3.142787,2.405358,5.965968,-8.875258,0.274469,5.101133,4.485159,-3.577667,-3.874771,-2.752919,78086.29801
-2.475647,4.472484,2.355735,-3.395712,8.496027,1.430877,-1.586869,0.371133,-1.632031,-4.76381,78435.93817
-3.179796,2.453951,5.966728,-8.91855,0.333427,5.173957,4.59164,-3.400327,-3.88767,-2.652829,78530.22995
-2.434615,4.526643,2.397061,-3.222422,8.584722,1.550622,-1.457561,0.362918,-1.655268,-4.654801,79431.12548
-2.58832,4.486466,2.364095,-3.27904,8.579576,1.581209,-1.539249,0.31445,-1.768166,-4.657987,79476.72693
-2.500487,4.596128,2.266439,-3.29942,8.594553,1.443369,-1.421362,0.31615,-1.691963,-4.798795,82614.19464
-0.839421,0.953708,0.762243,-2.015189,2.362452,-9.286957,-2.526269,-0.698506,-6.507651,2.218814,134895.9963
-0.879201,0.876808,0.718397,-2.027201,2.310127,-9.335222,-2.582406,-0.728779,-6.453167,2.373654,135796.8036
-0.850695,0.820158,0.616969,-2.184906,2.203953,-9.295389,-2.541066,-0.612918,-6.530997,2.335826,136112.1977
0.990949,1.374487,4.430444,4.000221,-7.656818,-4.229621,-1.255407,0.986028,-7.303594,5.024151,136496.79
0.856372,1.296861,4.452479,4.169021,-7.744083,-4.252476,-1.316108,0.931335,-7.201384,5.156192,136668.4357
-0.932764,0.843373,0.746288,-2.182619,2.220033,-9.276347,-2.510447,-0.665585,-6.576995,2.38097,136753.6927
-0.979937,0.994232,0.630694,-2.153848,2.380595,-9.329906,-2.499479,-0.798864,-6.533766,2.398784,137727.6996
0.911817,1.267114,4.50308,4.09207,-7.708119,-4.360957,-1.231352,0.879617,-7.244446,5.179459,139417.6534
0.920206,1.233934,4.557905,4.022857,-7.669485,-4.341727,-1.222779,0.851871,-7.322669,5.029444,140028.7817
0.879023,1.260759,4.529548,4.192166,-7.726126,-4.348744,-1.295019,0.913418,-7.302571,5.157434,141735.9541
1.557254,5.216357,4.849059,5.503033,1.928679,-6.837196,7.8472,4.227191,0.125595,4.49029,150715.1533
1.614997,-3.957847,-7.20943,5.724868,-2.346366,5.415985,-2.00685,-1.605129,1.253369,5.20265,155631.5621
1.404649,5.330546,4.874883,5.452955,1.829194,-6.81956,7.931236,4.286931,0.143203,4.452415,155970.6612
1.422852,5.31611,4.944173,5.493439,1.932888,-6.854245,7.885126,4.344317,0.163139,4.454147,156104.8793
1.776777,-3.868952,-7.233505,5.661889,-2.202116,5.52825,-2.168042,-1.75292,1.304784,5.262724,158031.748
3.534291,1.931934,0.970128,-5.252376,-7.859055,-6.654848,-6.42334,3.193823,2.968973,6.847632,158259.0157
1.488063,5.291656,4.829464,5.58745,1.917058,-6.88419,7.973161,4.355134,0.061498,4.577814,158465.7022
1.459981,5.393596,4.919654,5.553131,1.844173,-6.937325,7.886571,4.202014,0.181511,4.586187,159358.6392
3.523753,1.881563,0.932215,-5.205076,-7.920679,-6.617561,-6.471043,3.102278,2.926604,6.873571,160092.7087
1.712316,-3.936287,-7.273664,5.658493,-2.276205,5.556675,-2.081205,-1.787036,1.214825,5.318953,162520.2457
3.423177,1.944896,0.832194,-5.329315,-7.935603,-6.66311,-6.480019,3.002127,2.892813,6.928852,162620.8488
1.653511,-3.971985,-7.310385,5.795471,-2.332954,5.506813,-2.072577,-1.774598,1.236449,5.21742,163256.1751
3.583761,1.990347,0.980704,-5.348095,-7.817777,-6.782718,-6.499805,3.176219,2.863276,6.912256,163561.9735
3.480678,1.912179,0.825747,-5.360428,-7.985589,-6.661126,-6.551287,3.198899,2.952509,6.988949,167864.4868
1.616178,-3.893693,-7.367351,5.719312,-2.286427,5.549361,-2.062551,-1.619556,1.258383,5.330505,168228.7602
0.100806,-6.339915,-0.820829,0.569682,-6.060689,4.418513,-1.092668,8.422029,3.447657,-3.029863,180578.5126
0.012798,-6.307305,-0.906914,0.563429,-6.191883,4.554062,-1.196189,8.41462,3.518858,-3.021826,181173.6538
0.194154,-6.277844,-0.98301,0.419337,-6.123379,4.460821,-1.132699,8.551381,3.403408,-3.108332,185527.4816
0.179376,-6.373109,-0.836471,0.538297,-6.022997,4.514521,-1.187605,8.517614,3.597784,-3.182775,187519.5193
0.052661,-6.39567,-0.835926,0.467878,-6.157576,4.457337,-1.196001,8.560246,3.567785,-3.199162,191400.6447
2.730817,-4.535766,-1.775703,9.754911,-1.911347,-8.427856,5.590999,-5.280974,0.861333,7.406839,193134.7379
2.789519,-4.55225,-1.614291,9.656349,-1.94859,-8.409803,5.477076,-5.397783,0.852219,7.434394,193859.8626
2.62917,-4.579545,-1.622013,9.728468,-1.905059,-8.43563,5.585807,-5.310892,0.824019,7.417776,194461.3357
2.731129,-4.516206,-1.754775,9.705202,-1.820372,-8.520486,5.542463,-5.33218,0.870567,7.420176,196137.138
2.765268,-4.553513,-1.798383,9.625433,-1.999748,-8.522477,5.571839,-5.275138,0.859742,7.563289,203325.3672
4.00422,0.033526,-2.025914,5.955226,-6.49345,-3.754367,-3.046249,4.776759,-6.005182,-8.313456,216451.8928
-4.910184,3.759117,2.845822,0.190546,-2.117872,-8.049816,0.562135,-0.252762,6.188583,8.033378,218010.4428
-4.888739,3.717032,2.865397,0.008727,-2.167196,-8.133431,0.534905,-0.305847,6.021908,8.06456,218043.553
-4.881794,3.652448,2.802887,0.027636,-2.113359,-8.138503,0.545388,-0.271904,6.109004,8.073414,219502.0533
-4.913708,3.799551,2.86043,0.191836,-2.094673,-8.119492,0.417116,-0.391408,6.170501,8.026087,219561.4656
4.140985,0.023629,-2.16937,5.944023,-6.418494,-3.728372,-3.172201,4.641266,-6.147539,-8.325432,220680.9882
4.062501,0.03348,-2.072358,5.84701,-6.539552,-3.65223,-3.02311,4.643566,-6.041565,-8.373854,221015.3913
4.1339,0.037677,-2.150169,5.850648,-6.482912,-3.613582,-3.149707,4.614278,-6.168192,-8.343227,222185.2051
4.037964,0.139479,-2.043256,5.875571,-6.411787,-3.7844,-3.135155,4.644056,-6.156736,-8.370561,222716.2307
-4.944835,3.760232,2.973399,0.022917,-2.095054,-8.150555,0.426564,-0.240844,6.117616,8.107443,224081.7788
-4.748964,4.890856,-3.248311,-0.36084,3.330245,9.276038,3.621606,0.141035,-2.163943,7.605725,224185.186
6.413472,-4.725693,3.547859,2.076097,5.637199,6.686995,-6.818192,2.020616,-7.522454,-3.947548,225709.3684
6.489,-4.694893,3.461226,2.067546,5.759737,6.747546,-6.889826,2.149404,-7.45708,-3.831602,226316.3247
-4.69459,4.924311,-3.378959,-0.332893,3.353864,9.323624,3.730592,0.140336,-2.078521,7.647813,228644.7925
6.515479,-4.771805,3.542627,2.143865,5.663878,6.747832,-6.905264,2.053672,-7.442464,-3.960131,229437.2792
-4.784905,4.817334,-3.228982,-0.257793,3.311493,9.2754,3.60583,0.098581,-2.142097,7.732708,229579.0224
0.221592,-5.407487,-3.001715,3.077972,8.305447,7.051749,-7.031495,-2.901522,-7.838066,1.166402,229635.0432
-4.740715,4.870939,-3.211492,-0.329856,3.213873,9.339247,3.669179,0.192908,-2.062296,7.743379,232788.3238
-4.786138,4.842504,-3.280986,-0.244907,3.367458,9.319596,3.641016,0.050369,-2.170669,7.749116,232943.7136
-7.728829,6.005311,-2.32049,1.801802,1.087517,1.34936,-7.443173,4.018123,-2.655786,4.619447,233975.7711
0.351809,-5.451033,-3.008236,3.148755,8.227734,7.068819,-7.058029,-2.832429,-7.937976,1.1414,234514.7483
-0.547972,-3.776498,-2.881333,-3.070021,5.529197,4.228594,-4.631657,-9.231873,-5.697911,4.843563,234552.3839
6.598319,-4.67947,3.529811,2.179368,5.691249,6.650223,-6.902449,2.189882,-7.597032,-3.872398,235388.2708
6.586037,-4.727253,3.480099,2.185762,5.724707,6.742486,-6.880241,2.173769,-7.590894,-3.912692,236207.0826
0.381437,-5.413313,-3.112876,3.000025,8.355512,7.080234,-7.040694,-2.841998,-7.966088,1.122247,237729.6488
-0.590199,-3.67821,-2.945079,-3.056714,5.451154,4.383968,-4.755144,-9.240128,-5.76741,4.908589,238053.3868
-7.723263,6.064325,-2.201326,1.92451,1.131933,1.370349,-7.523698,4.039231,-2.78115,4.619162,238157.002
0.287936,-5.5146,-3.015515,3.098986,8.272019,7.052492,-7.090708,-2.815723,-7.958103,1.065145,238266.5039
-7.715274,6.018296,-2.22079,1.8199,1.180934,1.373286,-7.550016,4.07095,-2.676601,4.790442,238609.0928
-0.501398,-3.771194,-2.923846,-3.061398,5.476996,4.241125,-4.748458,-9.246015,-5.767941,4.929074,239030.0806
-7.771714,6.06933,-2.264214,1.902859,1.127271,1.32245,-7.500833,4.074699,-2.739168,4.796858,242653.9867
-0.488435,-3.754956,-2.939006,-3.053898,5.592115,4.306847,-4.730646,-9.298972,-5.778816,4.893854,242875.0102
-0.424887,-3.785478,-2.864023,-3.041668,5.548236,4.325326,-4.766931,-9.310142,-5.795296,4.854441,243373.0131
-7.746303,6.113521,-2.359094,1.995179,1.127221,1.399979,-7.560214,4.157924,-2.787204,4.67557,243739.0946
7.016793,2.23044,-1.927309,7.754049,5.852649,-4.826773,-8.613934,3.695037,5.867663,-5.418789,244500.6753
0.256698,-5.562674,-3.097296,3.160795,8.314415,7.132889,-7.183721,-2.90946,-7.974429,1.040488,245113.8534
-6.533482,1.568426,-5.41201,8.662285,-1.657886,4.131254,5.812278,-0.888354,-8.605811,4.055381,251966.1967
7.057004,2.287197,-1.875631,7.715102,5.818882,-4.807798,-8.737925,3.77923,5.885424,-5.472883,253163.7179
-6.462092,1.479791,-5.567128,8.774401,-1.706626,4.149456,5.983672,-0.9425,-8.622453,4.050846,256842.1438
7.148863,2.330649,-1.825038,7.79264,5.878124,-4.835619,-8.722802,3.78405,5.893651,-5.48363,257754.3926
7.145226,2.378679,-1.821509,7.790914,5.930319,-4.847194,-8.756741,3.714368,5.905603,-5.441533,258591.3555
7.173811,2.234099,-1.992358,7.647178,5.949611,-4.851545,-8.749876,3.79402,5.894221,-5.436547,260014.0563
-6.469141,1.545967,-5.505421,8.739881,-1.626082,4.161514,5.969688,-0.852566,-8.721645,4.124566,262060.1455
-6.562067,1.470743,-5.540934,8.799136,-1.697219,4.083487,5.833554,-0.975965,-8.693543,4.061769,262100.5711
-5.805448,-6.841961,-6.224332,-4.501339,7.843325,5.630224,-4.294437,5.417158,1.698902,-0.338885,262382.5418
-6.475471,1.468622,-5.580573,8.775706,-1.684713,4.01631,5.825027,-0.875,-8.752647,4.00801,263149.744
-7.005018,5.905078,0.108926,3.982987,9.944711,-4.42686,0.648451,3.459465,7.079019,2.170366,263779.8427
-7.023145,5.910169,0.01057,3.864635,9.903191,-4.440545,0.797508,3.563322,7.084106,2.150876,264030.1904
-7.197091,5.836095,0.069882,3.856753,9.803008,-4.43243,0.718068,3.405974,7.049365,2.011399,265439.9575
-7.033369,5.942356,0.054693,3.847192,9.991005,-4.591288,0.748106,3.494374,7.065449,2.020314,268189.0588
-7.459914,-1.271735,2.69572,-2.237086,3.749857,-8.802807,8.288131,-4.744835,2.697744,4.360671,268688.9918
-5.81119,-6.925958,-6.222787,-4.579179,7.879001,5.735906,-4.382546,5.519642,1.761783,-0.224973,269964.9955
-7.421479,-1.211582,2.794628,-2.226081,3.750251,-8.885442,8.352396,-4.651566,2.699605,4.230469,270788.0244
-7.188246,5.838626,0.040039,3.8572,9.984112,-4.55072,0.744112,3.489983,7.091915,2.066535,272437.4951
-7.450087,-1.334756,2.756645,-2.263,3.745785,-8.879176,8.394691,-4.707917,2.622584,4.272462,274225.206
-7.409504,-1.25015,2.676271,-2.35035,3.707555,-8.98825,8.374034,-4.747033,2.788531,4.268767,275303.7105
-7.420478,-1.357887,2.642284,-2.33017,3.759967,-8.956861,8.399247,-4.797244,2.61432,4.310129,276114.3294
-5.860184,-6.933338,-6.370554,-4.430753,7.876367,5.716126,-4.216577,5.558566,1.688975,-0.296174,277656.6093
-5.98212,-6.910517,-6.390757,-4.589601,7.868057,5.632571,-4.363242,5.498807,1.600974,-0.286348,280023.1172
5.89862,-7.001046,2.446197,2.492463,9.753488,2.707491,2.034458,-2.037113,7.303294,5.858888,280648.4156
6.027193,3.213547,1.793652,2.610493,-5.090384,3.470091,-2.201072,1.98577,-4.211115,-9.207509,281795.2236
-5.939086,-6.94901,-6.366453,-4.538153,7.978808,5.64744,-4.25765,5.560109,1.738017,-0.371504,282032.7941
5.870757,-7.041261,2.497748,2.472927,9.701411,2.693895,2.045814,-2.186789,7.300835,5.942613,282459.113
6.111894,3.204657,1.775177,2.629443,-5.045495,3.476895,-2.228079,1.925462,-4.231207,-9.206366,284364.6298
5.808644,-7.099727,2.507111,2.462245,9.705173,2.774789,2.050918,-2.075195,7.343296,5.904174,284740.4947
5.948931,-7.142685,2.598398,2.529738,9.737783,2.759977,2.118123,-2.056387,7.259018,5.877764,287561.2763
5.85872,-7.185421,2.513248,2.547442,9.775057,2.616446,2.183699,-2.126722,7.284199,5.859727,289116.916
6.068142,3.335972,1.758924,2.671319,-5.069211,3.588186,-2.283648,1.918039,-4.224298,-9.299637,292349.437
6.184752,3.245338,1.643421,2.626886,-5.046571,3.556921,-2.219859,1.992574,-4.216732,-9.29531,295156.9563
-5.333479,-0.140155,-4.061613,9.156707,6.212171,-8.630138,-6.075334,-7.647445,7.483035,0.805536,295892.1088
-5.215549,-0.026554,-4.021385,9.098485,6.300541,-8.609048,-6.13879,-7.622953,7.560555,0.915571,296527.5708
-5.293821,-0.140698,-4.182561,9.062588,6.354636,-8.783558,-6.064425,-7.746203,7.402152,0.978105,302267.8375
-5.34296,-0.020453,-4.084182,9.014147,6.225838,-8.778713,-6.138855,-7.687833,7.453612,0.84811,302355.8038
6.178989,3.21996,1.709823,2.640423,-5.101908,3.470491,-2.307692,1.934446,-4.217847,-9.381501,303122.8181
-5.295458,-0.020895,-4.006673,9.113727,6.278688,-8.654072,-6.154271,-7.718166,7.569208,0.902534,303493.8549
7.49917,8.057214,-4.636937,-9.962954,-8.767044,0.589234,-4.405258,-2.585202,0.423183,1.408271,307135.6367
8.806099,0.442647,5.719874,-5.019322,-7.329158,-0.180549,-1.761814,6.917097,1.972174,-2.084314,313979.5023
7.472926,8.194125,-4.621856,-9.870717,-8.703667,0.523145,-4.469669,-2.432689,0.474452,1.434854,314060.6368
7.552813,8.115343,-4.741885,-9.869254,-8.758598,0.461259,-4.59063,-2.506991,0.514978,1.42132,316156.897
1.292349,5.615473,-8.852838,-1.332654,8.068094,-3.828596,1.166424,-4.470528,3.862634,3.837452,318052.8639
3.0184,0.787386,1.231345,2.202262,-1.086656,9.002252,8.894493,-5.771806,8.403776,-2.30449,318777.436
3.14207,0.638604,1.218631,2.340718,-1.090014,9.033609,8.908382,-5.647122,8.426149,-2.396116,320552.5559
7.595231,8.173854,-4.716283,-9.929356,-8.738399,0.566487,-4.516631,-2.419529,0.574293,1.490677,321137.6199
-0.329082,3.858671,0.236921,-4.977747,1.242861,0.288984,-5.646538,-9.145431,-1.155541,8.462159,321384.1041
7.591981,8.195539,-4.750838,-9.849921,-8.68094,0.542701,-4.449313,-2.488433,0.588309,1.483518,321429.6421
8.875271,0.560017,5.799694,-5.100006,-7.252284,-0.131202,-1.7325,6.92925,1.888829,-2.187083,322097.3318
8.875955,0.477161,5.684278,-5.012468,-7.391466,-0.198444,-1.669391,6.986002,1.856909,-2.185686,322098.3724
8.942793,0.536679,5.608228,-5.028312,-7.339331,-0.020459,-1.729835,6.936372,1.874708,-2.156037,323881.4777
-0.314522,3.928881,0.262198,-4.903591,1.373468,0.295356,-5.609094,-9.126834,-1.09281,8.542266,325737.4941
1.358041,5.691035,-8.907928,-1.232728,8.113678,-3.813309,1.097712,-4.457142,3.919151,3.873235,326773.4227
1.351798,5.716934,-8.898371,-1.215762,8.144153,-3.801208,1.069914,-4.579404,3.849191,3.834931,327124.636
-1.536511,-7.222021,5.215269,-3.743715,-9.01109,6.433291,1.633339,-1.930598,-4.74648,-7.443036,327373.7029
-2.291878,-8.857592,2.141291,-7.342574,6.416319,-5.559522,7.714059,2.423839,4.388748,0.054633,327712.6765
-0.363066,3.967484,0.328816,-4.983242,1.265868,0.321845,-5.762024,-9.185047,-1.176002,8.493997,328678.3144
-2.282963,-8.86492,2.020347,-7.231555,6.582882,-5.432081,7.79498,2.534633,4.202977,0.14362,329705.3941
-2.260382,-8.897439,2.170863,-7.38182,6.412019,-5.460912,7.686854,2.44597,4.341567,0.150943,329719.8641
3.140181,0.772939,1.364821,2.216661,-1.065347,9.179206,8.819266,-5.668981,8.554228,-2.236972,330010.5417
3.180277,0.619927,1.258901,2.268992,-1.044366,9.154458,8.800229,-5.689144,8.57456,-2.3987,330169.9049
-0.337257,3.979624,0.273863,-4.896414,1.208997,0.373961,-5.647872,-9.198612,-1.128827,8.527253,330260.1971
3.049887,0.727689,1.296141,2.353296,-1.093171,9.175346,8.879489,-5.763342,8.508101,-2.381948,330604.2051
1.37685,5.782173,-8.916029,-1.334343,8.085918,-3.84231,1.189935,-4.511592,3.988938,3.973659,330852.5008
8.992883,0.594181,5.731347,-5.125311,-7.281871,-0.153471,-1.688071,6.929654,1.901619,-2.195744,331241.2125
-2.395189,-8.888229,2.031321,-7.315494,6.47229,-5.480671,7.777715,2.424877,4.292615,0.18657,332077.5764
-0.381994,3.939931,0.251696,-4.984054,1.279964,0.228999,-5.605672,-9.175156,-1.144789,8.589518,332404.6221
-5.011485,-2.10254,-0.652252,5.284957,-4.139618,-3.006721,1.206901,4.451677,9.225247,-8.506012,333455.5656
-2.382094,-8.915531,2.062406,-7.306465,6.414662,-5.599268,7.730097,2.522755,4.376871,0.071123,334557.2931
1.325768,5.74811,-8.982856,-1.305942,8.128399,-3.966742,1.066941,-4.440997,3.859943,3.854451,336453.6586
-0.636603,-3.197998,3.985999,-4.325916,-0.898118,7.846278,-8.209175,-6.435039,8.629714,5.784648,337204.3083
-1.589738,-7.287783,5.365983,-3.728477,-9.142712,6.412705,1.692991,-1.865844,-4.721348,-7.442922,337939.1534
-5.106323,-2.03158,-0.685316,5.383463,-4.111701,-3.037573,1.292577,4.571033,9.269738,-8.491808,338028.8413
-5.165165,-2.011021,-0.752748,5.299942,-4.178966,-3.090911,1.252963,4.549231,9.331432,-8.468826,342360.1835
-0.681609,-3.015422,3.946356,-4.339252,-0.932472,7.892747,-8.236578,-6.418393,8.728557,5.705855,342363.8502
-1.475391,-7.334594,5.307587,-3.609981,-9.078862,6.470902,1.666565,-1.994601,-4.653229,-7.560361,342965.0789
-1.449119,-7.383971,5.277178,-3.794074,-9.18673,6.410147,1.605717,-1.934351,-4.642109,-7.504072,344012.5123
-5.159216,-2.042225,-0.619485,5.346018,-4.011938,-3.100171,1.314043,4.415688,9.353764,-8.492952,344517.1528
-0.7171,-3.089653,3.824461,-4.237726,-0.991681,7.985506,-8.231966,-6.402656,8.756702,5.692476,344734.9204
-0.712949,-3.098687,3.889569,-4.274283,-0.823762,7.998855,-8.280725,-6.562562,8.666855,5.711947,345918.91
3.830686,6.467779,-7.648201,-8.673759,7.295206,5.391007,3.909854,-4.975964,6.464101,-7.090241,346417.3205
-1.449151,-7.35634,5.370117,-3.765751,-9.05669,6.541779,1.656139,-1.906294,-4.73437,-7.545162,346600.9583
-5.16862,-2.061145,-0.724959,5.207716,-4.167155,-3.048818,1.330323,4.520794,9.33678,-8.580537,350042.8314
-4.118976,7.865422,-3.853666,-9.599182,-8.882504,2.022717,-6.774355,-5.915907,4.003732,7.10951,350990.7845
3.810724,6.538613,-7.724504,-8.716662,7.371804,5.355757,3.955802,-4.80557,6.451335,-7.048246,351421.119
-1.762207,9.455986,5.090121,-0.518693,4.69377,-2.411371,-4.959756,-4.188124,4.938108,0.664412,351452.896
3.92191,6.523972,-7.680084,-8.714951,7.216328,5.249184,3.982244,-4.978332,6.515493,-7.1071,351650.9516
3.941845,6.577135,-7.728097,-8.766108,7.318129,5.390253,3.822219,-4.923883,6.415095,-7.024163,352555.8175
-1.265668,-1.692245,6.493461,-8.402781,-6.287714,3.078826,9.641356,-7.809687,-3.185486,-6.651998,352913.3582
-0.730473,-3.068417,3.980485,-4.345519,-0.889549,7.991643,-8.332382,-6.49614,8.767577,5.690236,352923.7809
-4.166429,7.946813,-3.926962,-9.579049,-8.809854,2.167846,-6.676792,-5.973759,4.007288,7.064748,353685.7029
-1.601798,9.486206,5.076781,-0.446182,4.713251,-2.474138,-4.951498,-4.071317,4.962085,0.758647,353808.3081
-4.000913,7.897628,-3.925466,-9.45944,-8.819796,2.140681,-6.795331,-5.941835,4.094201,7.190135,355801.1119
-1.710258,9.510036,5.131335,-0.473895,4.759664,-2.578812,-4.832593,-4.054793,4.848269,0.674594,355889.6371
-4.130133,7.919391,-3.918629,-9.544406,-8.847965,2.079044,-6.72429,-5.997369,4.023821,7.136224,356310.318
-4.142693,7.943886,-3.989979,-9.444125,-8.899101,2.132288,-6.693226,-5.940714,4.155491,7.075409,356752.1995
-1.703372,9.520537,5.15323,-0.497359,4.701635,-2.459472,-4.881319,-4.077507,4.928707,0.700483,358789.5309
7.20183,3.558709,3.624628,-6.410657,-1.241464,-1.670404,6.067406,-8.542409,-8.430847,-2.593468,359059.2743
-1.66784,9.532203,5.170476,-0.491147,4.627557,-2.553454,-4.899084,-4.144344,4.936067,0.719734,360964.3594
-1.356671,-1.750767,6.531919,-8.537245,-6.246268,3.054278,9.702513,-7.860485,-3.030763,-6.730901,361719.1073
-1.396608,-1.778927,6.587376,-8.412647,-6.236956,3.003709,9.674737,-7.975947,-3.03118,-6.627491,363377.1201
8.456807,-5.610742,3.184621,6.701317,-7.498967,9.522009,-0.45326,-5.161715,-2.294094,-4.431329,365139.2844
-1.287007,-1.701152,6.443433,-8.562955,-6.247407,3.017647,9.782188,-7.974709,-3.14592,-6.700735,365898.47
7.318107,3.405064,3.737852,-6.463169,-1.321438,-1.684613,6.033379,-8.475784,-8.514163,-2.472419,365984.6492
3.998957,6.524262,-7.783919,-8.69798,7.296664,5.369712,3.90947,-4.977698,6.584531,-7.185022,366019.582
7.252,3.407012,3.722739,-6.46107,-1.299254,-1.685334,6.01235,-8.531706,-8.526353,-2.558164,366188.5919
4.664803,-2.758073,-5.821114,4.970814,-1.420517,-3.225998,8.013042,-3.119856,-5.825866,9.092803,367078.6641
-1.298027,-1.637874,6.579295,-8.409471,-6.282934,3.089151,9.674349,-7.971747,-3.116458,-6.743463,367263.0128
7.350807,3.487655,3.648298,-6.459981,-1.396716,-1.707775,6.140731,-8.488792,-8.496367,-2.420741,368086.5275
7.323573,3.535974,3.703566,-6.594617,-1.283074,-1.723608,6.079764,-8.404581,-8.583219,-2.515488,368337.7253
5.277462,-5.016372,-8.002785,2.942232,9.248952,7.470554,4.815889,-3.341226,-6.653939,-1.463003,368659.1445
4.661108,-2.741225,-5.955539,4.978539,-1.535812,-3.304009,8.113841,-3.119528,-5.88821,9.010742,369630.2512
5.200062,-5.037247,-8.039558,2.969961,9.234961,7.566709,4.850493,-3.251906,-6.633651,-1.597396,371788.1779
8.510648,-5.752767,3.097952,6.723337,-7.439174,9.533109,-0.555529,-5.053575,-2.294774,-4.582625,372711.7789
4.792685,-2.650748,-5.936103,4.949788,-1.588081,-3.250214,8.053717,-3.005011,-5.936184,9.065396,373325.7512
4.732636,-2.759741,-5.951625,4.980306,-1.449036,-3.327651,8.194937,-3.197165,-5.82363,9.048316,375149.1687
8.566509,-5.640631,3.190284,6.701133,-7.547344,9.548276,-0.401231,-5.156019,-2.387437,-4.484336,377310.6207
5.345506,-5.051405,-8.024589,2.908572,9.296814,7.530611,4.890314,-3.361403,-6.767811,-1.406189,378625.0957
8.581483,-5.766658,3.163944,6.664809,-7.480765,9.529669,-0.47773,-5.129867,-2.360078,-4.560228,380323.7645
4.634989,-2.69524,-5.965687,4.966542,-1.565607,-3.267399,8.088745,-3.162789,-5.843849,9.160203,380608.1061
8.574142,-5.785038,3.041885,6.721402,-7.592526,9.526612,-0.587227,-5.169045,-2.315831,-4.559205,381187.4884
-2.175928,-0.855561,-4.30205,7.881969,-0.312571,-9.447905,6.388641,-4.287657,9.432852,-6.219219,381915.9064
5.350491,-5.045214,-8.125725,2.837705,9.379512,7.460192,4.899241,-3.367151,-6.618897,-1.47049,384007.4373
5.286253,-5.15194,-8.137612,2.850794,9.374435,7.448724,4.900296,-3.243578,-6.674531,-1.45665,386837.5876
-2.171659,-0.936789,-4.212285,7.865547,-0.210015,-9.511106,6.259857,-4.353357,9.479489,-6.339705,388383.4477
-2.162905,-0.835443,-4.306436,7.81271,-0.321644,-9.467762,6.371798,-4.256579,9.49553,-6.269921,388607.148
-8.403688,5.107598,5.513327,6.8811,0.793028,1.912974,7.270623,2.854504,-5.590075,-7.216975,389776.3549
-2.127344,-0.947406,-4.378431,7.986223,-0.363955,-9.470526,6.34583,-4.277687,9.502901,-6.266296,389985.0766
-5.560282,5.533424,-9.407107,9.555977,-4.803671,-1.300091,1.905207,1.47055,-1.956118,-4.86722,390256.0893
4.831065,7.437658,-0.181078,-6.101241,-3.527073,8.619584,4.670608,5.19729,3.664576,-9.001483,392999.1076
-5.530922,5.509131,-9.422555,9.506638,-4.992638,-1.351962,1.846299,1.592908,-1.804652,-4.994353,393282.1239
-8.462979,5.150042,5.435454,6.841685,0.655118,1.940428,7.332081,2.818442,-5.545038,-7.214683,394263.5273
-8.443783,5.197868,5.434678,6.878965,0.616873,1.817927,7.234162,2.955773,-5.458683,-7.310139,394563.0824
-5.594002,5.51473,-9.455114,9.599604,-4.857185,-1.202915,1.820827,1.58308,-1.933212,-4.872303,397054.4498
-2.100676,-0.845599,-4.216571,7.836915,-0.272835,-9.587619,6.315724,-4.355099,9.5571,-6.270239,397277.3728
4.895186,7.416941,-0.144817,-6.083375,-3.440467,8.711281,4.626184,5.027344,3.64058,-9.054191,397947.7029
4.89005,7.454614,-0.002642,-6.114337,-3.442812,8.775224,4.772804,5.178218,3.786074,-9.002877,400308.1445
-5.481425,5.466253,-9.513177,9.547781,-4.828029,-1.300195,1.952262,1.506778,-1.942014,-4.837392,400384.6378
-6.62472,-1.007673,-7.518583,7.279738,7.183269,-9.025576,3.464417,-7.449152,4.50084,-6.022501,400741.8395
-6.682419,-1.138188,-7.490909,7.242942,7.191507,-9.02254,3.501591,-7.534381,4.434829,-6.022637,403885.3114
-8.557667,5.160432,5.494487,6.803229,0.708687,1.815776,7.312216,2.911319,-5.542034,-7.235027,404355.2705
-8.550675,5.064856,5.436074,6.807145,0.749115,1.997559,7.37667,2.995729,-5.431667,-7.337383,404944.6086
-9.206077,2.148037,3.331999,-5.860629,-0.431502,-0.841455,-0.043194,3.246311,9.044641,6.072785,406741.885
-6.719702,-1.106317,-7.471447,7.342173,7.04894,-9.062252,3.581119,-7.574717,4.572168,-6.074113,408103.4062
-6.705878,-1.193999,-7.419084,7.335069,7.074111,-9.156834,3.51409,-7.548216,4.525899,-6.17328,408863.0208
4.851928,7.520183,-0.0705,-6.061928,-3.49942,8.681079,4.724991,5.184355,3.609543,-9.130511,410657.0272
2.963118,6.855716,6.203602,-7.912374,6.881663,8.438905,-3.225122,-1.140789,-9.615674,1.823932,412347.7476
8.230817,-0.385655,7.241561,4.500924,1.782009,2.597044,8.545461,7.430184,3.338493,-4.378938,412426.6632
-9.202861,2.171479,3.390039,-5.981733,-0.463596,-0.825421,-0.010704,3.366318,9.08891,6.195554,412456.3194
2.985333,6.86644,6.226204,-7.91486,6.839828,8.438618,-3.331479,-1.090848,-9.606661,1.867055,412510.7961
4.885354,7.509278,-0.081228,-6.04316,-3.539816,8.648085,4.618542,5.021977,3.744721,-9.187591,412634.6937
2.404985,7.334221,-3.666325,-0.679432,-0.045293,-9.905161,-0.792403,-3.849739,-4.040136,8.860107,413673.5213
-5.617226,0.324078,-9.081186,-0.083075,9.508992,-0.297002,5.708878,-6.33355,2.340483,2.473269,413811.5787
2.571953,7.248352,-3.666592,-0.676524,-0.123713,-9.962857,-0.751053,-3.832134,-4.147146,8.889506,414897.5019
-5.55467,5.512689,-9.58934,9.51509,-4.887072,-1.35363,1.81916,1.542044,-1.813835,-4.997815,415888.2262
-5.611463,0.389681,-9.135494,-0.176401,9.423168,-0.392788,5.691017,-6.278131,2.24867,2.531268,416431.0793
2.571358,7.273222,-3.601809,-0.624395,-0.100888,-9.994849,-0.772839,-3.826733,-4.199966,8.872399,416504.792
-2.793573,1.751321,8.911274,5.197794,0.425988,-1.892006,-0.273965,9.452343,-1.24139,-3.700225,416753.7111
-5.683087,0.369852,-9.088981,-0.146341,9.561502,-0.225466,5.766551,-6.276324,2.225856,2.564729,416974.0448
8.240456,-0.369647,7.320731,4.433163,1.750021,2.516724,8.47177,7.526099,3.372711,-4.289242,417342.6251
-9.203963,2.056853,3.339341,-5.940082,-0.490276,-0.941301,-0.196607,3.346164,9.179563,6.142546,417365.6402
-6.765711,-1.098063,-7.560198,7.385141,7.055011,-9.154064,3.45642,-7.592817,4.455722,-6.061145,418209.405
2.433077,7.340293,-3.759409,-0.721211,-0.136643,-9.869312,-0.622744,-3.886778,-4.154586,8.924842,419396.7127
-9.302704,2.014461,3.340987,-5.887845,-0.581229,-0.836966,-0.026984,3.288194,9.0927,6.09492,419774.6253
4.275755,6.366786,1.449809,-9.174605,-2.458228,-7.52166,-1.841698,6.601625,-2.923767,-9.810973,419884.8231
-9.357826,2.091134,3.248417,-5.907925,-0.526085,-0.972938,-0.16257,3.201557,9.021942,6.11937,420576.1135
8.394096,-0.241889,7.247786,4.478651,1.705121,2.491399,8.443405,7.430992,3.204083,-4.360184,420751.0424
-2.780831,1.746909,8.918337,5.120579,0.522973,-1.983877,-0.264225,9.51239,-1.297527,-3.638641,421244.3147
-3.722398,7.069779,4.027455,3.720543,-4.518422,6.918606,-2.603704,-9.650512,6.636081,6.643322,422139.3047
2.565339,7.240746,-3.766396,-0.746723,-0.023279,-9.951813,-0.673421,-3.967587,-4.04455,8.987812,422205.9234
-2.607884,1.627279,8.90012,5.047728,0.403517,-1.862726,-0.3096,9.551113,-1.375218,-3.737977,422244.8825
4.311271,6.213445,1.42587,-9.111096,-2.441495,-7.468617,-1.896363,6.771597,-2.869526,-9.855654,422825.6874
-2.744099,1.677951,8.936458,5.165136,0.453388,-1.847517,-0.231665,9.505162,-1.270553,-3.735366,423301.5824
-5.711003,0.239359,-9.107374,-0.141647,9.587064,-0.346725,5.763282,-6.397605,2.396282,2.471741,423545.1589
4.30358,6.310323,1.584319,-9.116896,-2.528231,-7.497931,-1.941708,6.775655,-2.801312,-9.831637,423975.6371
5.165346,4.261132,4.230686,-3.565982,-4.604112,-2.195687,9.230364,8.10754,9.612459,2.951634,425469.5014
-8.806883,-3.4653,6.781004,-1.004253,-9.223902,-7.210363,4.099681,6.254573,-3.209529,-0.471955,426962.9843
8.335523,-0.275356,7.339127,4.598801,1.670491,2.530934,8.561726,7.530338,3.254021,-4.285412,428750.7396
-2.740574,1.78478,8.94589,5.022644,0.481145,-1.920059,-0.395158,9.579933,-1.302543,-3.656764,429177.5883
-3.68488,7.061298,4.184566,3.662357,-4.579096,6.827208,-2.70875,-9.702505,6.640148,6.765402,429587.6333
8.336249,-0.292319,7.338886,4.426125,1.630582,2.529051,8.557873,7.580367,3.334355,-4.2512,430060.2404
4.456825,4.767984,-7.078014,8.256527,-3.17523,-6.376304,2.410536,9.323031,-9.019079,1.211248,430178.5984
-3.716449,7.128208,4.04045,3.637685,-4.44008,6.942967,-2.787444,-9.679427,6.616048,6.735488,430316.1599
-8.872542,-3.496521,6.603832,-1.139043,-9.288774,-7.268791,4.146795,6.385039,-3.372144,-0.572568,430649.3639
-5.705734,0.256673,-9.178873,-0.001806,9.589675,-0.253263,5.723725,-6.35901,2.373039,2.463708,430774.6221
5.148833,4.25091,4.349232,-3.568978,-4.712959,-2.011169,9.243768,8.149521,9.642439,2.986561,431175.5372
-3.654237,7.196483,4.034574,3.670566,-4.418118,6.918597,-2.665267,-9.601428,6.799114,6.691144,431278.7865
2.994982,6.850448,6.380302,-7.904527,6.914104,8.520725,-3.307496,-1.007541,-9.75154,1.951954,433129.0425
5.100926,4.317011,4.287266,-3.537316,-4.644913,-2.036421,9.299537,8.025239,9.707606,2.836955,433661.0396
4.276673,6.227181,1.591785,-9.175465,-2.523564,-7.545225,-1.895757,6.612739,-2.865665,-9.982978,434903.7821
4.553778,4.791942,-7.192701,8.390928,-3.189459,-6.254262,2.407154,9.228969,-9.101932,1.32535,436190.2807
4.422097,4.616865,-7.048184,8.305901,-3.153611,-6.363038,2.436441,9.307968,-9.19456,1.397726,437448.9309
-2.809809,-2.902525,0.485443,-7.72749,-6.614654,-9.756314,-5.145022,-8.833288,-4.438436,8.264031,437499.6644
8.62992,-8.087658,1.031645,-6.881558,7.753451,-1.596651,-8.532119,-0.098358,-3.533267,-0.647487,437785.0182
2.958435,6.997518,6.231678,-7.945238,6.929431,8.534812,-3.290366,-1.177428,-9.785416,1.80942,438061.55
5.181418,4.268928,4.219187,-3.59907,-4.6333,-2.019649,9.331703,8.180446,9.69259,2.905611,439905.7526
2.842297,6.95784,6.373556,-7.83806,6.80577,8.53498,-3.20581,-1.072305,-9.789036,1.959125,440142.7863
-2.91716,-2.817338,0.580074,-7.659914,-6.631124,-9.76335,-5.099666,-8.908952,-4.50492,8.230627,440391.6671
8.710381,-8.071654,1.003281,-6.823557,7.762288,-1.522149,-8.48029,-0.167031,-3.557511,-0.710095,441443.5161
-3.649943,7.182409,4.157952,3.629508,-4.492712,6.800059,-2.667036,-9.75303,6.795664,6.703184,441467.9385
-2.975758,-2.829897,0.537567,-7.673301,-6.75976,-9.675578,-5.003393,-8.928675,-4.446231,8.30086,441911.307
4.590736,4.79403,-7.164238,8.342955,-3.068809,-6.364254,2.596388,9.219622,-9.193113,1.356644,442053.118
5.05479,4.232309,4.342827,-3.413544,-4.679141,-2.103826,9.294279,8.129533,9.772993,2.958515,442243.2637
-8.999465,-3.408126,6.674732,-1.175955,-9.276766,-7.228202,4.043472,6.391102,-3.26837,-0.442575,442844.0368
8.641023,-8.18119,1.186643,-6.854724,7.767304,-1.578598,-8.484581,-0.184515,-3.410992,-0.623463,443375.266
-8.968718,-3.446199,6.736818,-1.005945,-9.279706,-7.214515,4.000858,6.39968,-3.364889,-0.500913,443522.0079
4.409931,4.780195,-7.16752,8.253241,-3.198396,-6.343096,2.575148,9.335168,-9.144594,1.34594,443676.7615
-8.92072,-3.564545,6.794802,-1.084597,-9.312542,-7.285494,4.141914,6.290039,-3.278186,-0.423944,443757.5763
4.385008,6.323757,1.421822,-9.153599,-2.530278,-7.572697,-1.980811,6.783771,-2.974113,-9.982687,444834.493
8.621135,-8.190249,1.073123,-6.895926,7.60396,-1.427992,-8.593489,-0.178133,-3.554013,-0.773864,445054.8963
-2.948919,-2.913399,0.427113,-7.656473,-6.63247,-9.793426,-5.096441,-8.964903,-4.501479,8.231779,445573.8802
-2.814212,-2.900075,0.480722,-7.728374,-6.659641,-9.720802,-5.018927,-8.968112,-4.512446,8.374963,451123.6223
8.757566,-8.176316,1.130587,-6.900634,7.765908,-1.485323,-8.461378,-0.041065,-3.541345,-0.73929,452341.3928
-9.619261,2.636658,-1.269336,-6.295944,3.538998,3.674051,0.835269,1.048685,-8.223868,7.20126,457550.3049
-9.833799,-1.886331,-1.180665,0.9249,0.865788,-6.419782,0.278369,9.014331,-4.986022,0.338617,462876.7827
-6.361601,3.177156,-8.225134,8.55426,-5.546286,-3.495039,-9.403695,-7.230609,-5.161359,-2.820115,465542.1577
-9.680526,2.79481,-1.33315,-6.244133,3.440015,3.737864,0.877245,1.001319,-8.307218,7.204573,469911.1239
-9.707594,2.630616,-1.283395,-6.206613,3.450969,3.6003,0.948919,1.164822,-8.235732,7.309123,472193.9733
-9.757329,2.612127,-1.290283,-6.366234,3.411059,3.696813,0.927421,1.057078,-8.232155,7.259093,475720.2626
-9.01053,-5.806463,6.19104,-8.38462,-9.615625,-7.143724,3.094002,-5.465642,5.166643,3.213901,476775.8789
-9.898101,-1.999236,-1.062838,0.964938,0.906396,-6.517551,0.248092,9.12816,-4.810034,0.380672,477298.6371
-6.269056,3.14499,-8.344155,8.47495,-5.454571,-3.44987,-9.499847,-7.303911,-5.050614,-2.846084,478672.1592
9.289747,2.975224,-2.46248,-5.479649,-4.237227,1.128748,6.898768,-3.786693,-6.80579,-7.87162,478815.4542
-9.046515,-5.926405,6.036546,-8.203799,-9.788151,-7.01375,3.1788,-5.458581,5.038511,3.210779,479280.7708
-6.274981,3.172228,-8.319618,8.531733,-5.450364,-3.460469,-9.524095,-7.336921,-5.047405,-2.862814,479322.4651
-6.383548,3.054363,-8.386843,8.429164,-5.433049,-3.415674,-9.40656,-7.243836,-5.091186,-2.894407,479506.238
6.658715,-4.104895,8.040733,6.018843,8.682171,4.967934,-4.147302,-2.744567,-6.266379,-8.05467,480776.0012
-9.786615,2.633202,-1.302484,-6.287977,3.474919,3.77938,0.986257,1.022916,-8.242092,7.299497,481816.881
9.62515,-7.840673,4.778873,1.747318,-5.243668,6.040204,-3.745919,5.695586,5.715733,3.567644,481983.5574
9.64192,-7.856946,4.626724,1.646611,-5.213038,6.128338,-3.644867,5.615197,5.795951,3.575953,482622.4517
6.657624,-4.057228,8.081666,6.01605,8.746376,4.99384,-4.052204,-2.644305,-6.306735,-8.010813,482840.687
9.63664,-7.870585,4.774651,1.613388,-5.207234,6.105867,-3.660661,5.630324,5.657676,3.4383,483462.0789
-9.05354,-5.868052,6.078415,-8.339042,-9.791183,-7.087555,3.040579,-5.563484,5.147181,3.344293,483779.9396
9.305612,2.865532,-2.585279,-5.550204,-4.314636,1.138636,6.836878,-3.774403,-6.839397,-7.922813,483785.0496
6.722096,-4.004484,8.077698,6.148328,8.759483,4.979169,-4.199405,-2.64155,-6.244548,-8.015534,483976.3211
-9.950118,-1.977054,-1.086407,0.874583,0.870873,-6.424915,0.329817,9.158089,-4.841562,0.36636,484582.5314
-9.967671,-1.902303,-1.14218,0.941303,0.865878,-6.487455,0.259094,9.108133,-4.917987,0.209899,485716.6785
-9.10796,-5.892317,6.066996,-8.333426,-9.794172,-7.022518,3.169019,-5.476094,5.038742,3.3518,485835.909
-9.123574,-5.830439,6.11864,-8.232616,-9.782501,-7.173294,3.158187,-5.412316,5.00333,3.237712,488274.9382
-9.993395,-1.824185,-1.011719,0.96106,0.906243,-6.558172,0.243595,9.097882,-4.917165,0.211897,489077.468
-6.393771,3.157936,-8.38549,8.423106,-5.590729,-3.420396,-9.536068,-7.265355,-5.171243,-2.944832,490338.717
9.366961,2.854657,-2.518727,-5.523161,-4.373443,1.14926,6.981659,-3.789918,-6.871387,-7.867605,491248.4845
9.391214,2.965598,-2.434469,-5.595603,-4.355311,1.047714,6.857835,-3.618053,-6.913655,-7.877472,492695.426
9.393889,2.904919,-2.441252,-5.593892,-4.360127,1.183289,6.969211,-3.694151,-6.841591,-7.880876,493203.891
6.666905,-4.188593,8.155754,6.14907,8.796459,4.970886,-4.026059,-2.680275,-6.204557,-8.084334,493968.8845
3.683161,9.152973,-4.845109,-1.737273,-5.937413,6.210196,-6.2406,-6.643431,8.213686,-5.096327,494283.1089
9.712218,-7.910959,4.743509,1.651539,-5.358733,6.162725,-3.661724,5.630223,5.717012,3.588462,496434.9163
9.112631,-8.205793,-6.711314,7.424047,-3.286022,-5.372971,-0.905866,-6.088952,2.486768,1.760324,496616.8792
3.673921,9.070437,-4.909303,-1.617336,-5.919312,6.224137,-6.282876,-6.755289,8.351502,-5.03418,497207.8784
9.077624,-8.233916,-6.774228,7.434769,-3.223601,-5.289834,-0.943074,-6.051772,2.448104,1.779287,497397.4645
6.686046,-4.126431,8.13275,6.148063,8.752447,4.888324,-4.003007,-2.607342,-6.362382,-8.142338,498361.9306
-7.239885,-6.17106,-5.623024,8.906413,0.18027,3.96048,8.604175,-9.446961,4.632193,-6.406144,498712.6302
9.755174,-7.889506,4.678898,1.648093,-5.318359,6.007151,-3.761208,5.675424,5.789172,3.558254,498770.0588
-1.8547,7.679499,-0.58103,-4.123956,4.313954,0.669909,9.401183,-0.590769,-0.743545,-9.600943,499587.3209
9.097841,-8.292088,-6.66021,7.516268,-3.299121,-5.334675,-0.884627,-6.112284,2.591189,1.674474,499802.9513
9.067627,-8.333205,-6.649468,7.564619,-3.393825,-5.299714,-0.990076,-6.159436,2.430187,1.613207,500327.3516
-3.277899,-4.306547,-8.62509,-1.939493,-8.262185,-7.606676,-9.811747,-2.221907,-0.064988,-1.827249,500379.0328
9.101469,-8.316448,-6.71194,7.575956,-3.356967,-5.209123,-0.99422,-6.009386,2.435599,1.725832,501650.7455
3.764821,9.155353,-4.813308,-1.681208,-5.892384,6.350174,-6.374377,-6.741323,8.258633,-5.057715,502631.9786
-7.221389,-6.096738,-5.741687,8.847433,0.13227,3.991042,8.601051,-9.463836,4.701918,-6.477636,502678.2416
-1.804105,7.603073,-0.462369,-4.101891,4.329633,0.692218,9.412754,-0.400676,-0.737199,-9.683482,503398.1444
3.664395,9.104908,-4.939513,-1.608332,-5.863309,6.309163,-6.37477,-6.782426,8.345057,-5.100864,504578.3434
3.676117,9.151647,-4.825158,-1.647067,-5.979595,6.384773,-6.25013,-6.63954,8.388126,-5.018358,505246.8791
-1.90047,7.618668,-0.580194,-4.050374,4.341705,0.664204,9.520376,-0.498896,-0.757204,-9.64835,507125.9459
-3.265563,-4.337251,-8.627064,-1.910413,-8.391231,-7.713479,-9.826151,-2.325223,-0.083096,-1.815256,507229.7634
-3.340969,-4.321068,-8.653934,-1.864048,-8.297166,-7.600746,-9.86124,-2.314371,-0.020321,-1.982882,508007.2511
-7.212407,-6.154359,-5.722178,8.981799,0.107832,3.890657,8.740094,-9.446405,4.711922,-6.514141,509085.0386
-3.247486,-4.349641,-8.668177,-1.914653,-8.353869,-7.712208,-9.808379,-2.358862,-0.051127,-1.931621,510004.2118
-7.367212,-6.023247,-5.651917,8.858528,0.029011,3.871509,8.609986,-9.527224,4.773489,-6.563176,512775.6437
-7.295997,-6.066426,-5.653145,8.887624,0.199365,3.890108,8.716293,-9.490914,4.796414,-6.574168,512808.1299
-3.302952,-4.316418,-8.763804,-1.9256,-8.269365,-7.61773,-9.919203,-2.250075,-0.153544,-1.879596,523078.9429
-1.822173,7.720936,-0.454473,-4.025628,4.298867,0.633552,9.43098,-0.469866,-0.728811,-9.790557,523310.7147
-3.523532,-2.547829,8.247298,-5.788545,6.741626,-5.960456,-8.943801,1.730092,-9.27814,3.645702,523807.7095
-3.590505,-2.556544,8.205938,-5.626102,6.644425,-5.932465,-8.955045,1.723235,-9.323065,3.766968,524027.6944
-3.571446,-2.432835,8.241841,-5.753057,6.701952,-5.875975,-8.948134,1.688617,-9.366924,3.673686,528958.9183
-1.934412,7.722916,-0.562836,-4.003463,4.330994,0.626673,9.557497,-0.4268,-0.702231,-9.776756,529377.0863
6.920521,-5.294969,1.875146,0.351826,-8.539199,-5.662025,1.553776,8.675726,-2.429017,9.955602,533689.348
-3.404747,-2.485979,8.368919,-5.756363,6.603124,-5.83273,-8.892396,1.739908,-9.339592,3.625256,533739.9185
6.987929,-5.290588,1.801991,0.232593,-8.488148,-5.664971,1.423392,8.660895,-2.531977,9.961227,535413.3236
6.828343,-5.297201,1.809863,0.348748,-8.518595,-5.772267,1.456967,8.785175,-2.447399,9.967735,538244.651
1.086665,-9.696583,6.89103,1.264895,-3.70622,4.665501,-5.827524,-1.392646,-7.755927,-0.904213,538259.7004
6.955175,-5.204508,1.930284,0.342552,-8.597269,-5.799396,1.534371,8.796906,-2.463525,9.929037,539634.0195
6.925488,-5.359359,1.859661,0.282103,-8.568016,-5.665394,1.547474,8.736933,-2.485575,9.977591,541576.9411
1.09517,-9.675209,6.992285,1.328707,-3.693082,4.728788,-5.944475,-1.255126,-7.741872,-0.996398,542229.4436
-3.543102,-2.517016,8.385364,-5.787106,6.651032,-5.957011,-8.941259,1.788864,-9.372968,3.690424,543234.0604
1.006189,-9.757199,6.866633,1.208349,-3.795156,4.618865,-5.851073,-1.250004,-7.737733,-0.82555,544325.9042
1.172502,-9.756512,6.948804,1.235314,-3.612751,4.751301,-5.896791,-1.21439,-7.62732,-0.881159,544429.7368
1.183105,-9.75771,6.847436,1.357676,-3.799418,4.714123,-5.930497,-1.285933,-7.745313,-0.841001,544581.999
2.203923,-6.652923,-6.889562,4.346723,6.039631,-4.052562,-5.462963,-8.175118,-9.812541,-4.112546,551525.3
3.396675,-8.423228,-6.161597,-3.972308,-2.948201,7.634016,-9.658012,7.83054,0.675556,6.443376,553126.2621
3.252294,-8.417563,-6.048815,-3.974002,-2.891451,7.734975,-9.72684,7.877736,0.668221,6.474298,556804.3497
2.239436,-6.615986,-6.802323,4.282055,6.050075,-4.020047,-5.464736,-8.192631,-9.978908,-4.0595,561694.5267
2.269289,-6.764257,-6.920609,4.246004,6.034122,-4.197116,-5.541776,-8.10062,-9.918276,-4.13204,566619.6392
2.205508,-6.76814,-6.802771,4.200506,6.028932,-4.123158,-5.549221,-8.111731,-9.981438,-4.185025,567405.2764
2.286305,-6.706415,-6.98495,4.344279,6.078324,-4.06983,-5.579448,-8.188415,-9.868335,-4.151612,567569.9109
3.258769,-8.568944,-6.077078,-3.949108,-2.911,7.60336,-9.695398,7.981986,0.797613,6.437274,569936.5867
1.91985,-6.421812,-8.430055,0.686301,4.160684,0.965206,-3.419664,-6.828471,-7.12003,8.643103,571934.8751
3.237775,-8.597421,-6.037035,-3.94248,-2.980218,7.755957,-9.737077,7.826648,0.654806,6.580883,574560.7127
-6.145115,-1.574059,9.409247,-9.356822,-6.804266,8.200939,5.398904,8.207517,6.232708,-3.290244,575039.1849
5.563543,-0.544103,-9.604408,-2.879121,9.0832,-8.37043,4.358718,-1.587034,7.662826,-1.211784,576133.0557
5.58258,-0.54126,-9.612478,-2.925681,9.092655,-8.389785,4.313448,-1.583187,7.616807,-1.271714,576225.5137
3.297653,-8.577222,-6.104909,-3.875624,-2.945563,7.667356,-9.764122,7.953668,0.674672,6.459305,576758.0072
1.985035,-6.563508,-8.436173,0.607703,4.197238,0.948623,-3.503507,-6.878225,-7.016327,8.705132,580870.2687
5.49013,-0.481597,-9.634369,-2.853467,9.053959,-8.319868,4.317903,-1.575662,7.775191,-1.286164,581331.607
-4.35303,1.115954,-5.337643,6.208086,-9.842397,-6.120247,7.042941,-8.270141,-8.193678,-8.85414,582033.8498
5.421914,-0.567307,-9.64991,-2.990356,9.162535,-8.350019,4.232164,-1.447127,7.72134,-1.349012,582776.5625
-4.341831,1.182434,-5.391204,6.358579,-9.80125,-6.112881,7.005656,-8.237731,-8.123385,-8.95203,583595.4777
-4.387951,1.031821,-5.295881,6.25796,-9.901448,-6.158194,7.107834,-8.226711,-8.092319,-8.92804,583736.1264
-6.045035,-1.435328,9.483453,-9.228146,-6.908245,8.222186,5.257543,8.216713,6.27541,-3.376678,583867.655
-4.393445,1.020757,-5.39089,6.218938,-9.948865,-6.118785,7.088131,-8.281411,-8.082019,-8.887717,585061.6062
1.942707,-6.557156,-8.465942,0.759861,4.17128,0.900231,-3.410351,-6.883613,-7.162611,8.731523,591153.3475
1.973197,-6.564527,-8.4539,0.708197,4.128765,0.819145,-3.558136,-6.976216,-7.05706,8.771402,592341.8361
1.852754,-6.432375,-8.554853,0.612786,4.185395,0.976943,-3.529716,-6.989894,-7.11661,8.680673,593059.4239
-4.330926,1.148744,-5.301226,6.332927,-9.995157,-6.135766,7.028693,-8.210457,-8.180728,-8.99122,593538.3083
-6.013551,-1.574991,9.55198,-9.25479,-6.811279,8.259566,5.37487,8.253204,6.36071,-3.25404,596682.7036
5.529366,-0.418368,-9.78599,-2.978908,9.160198,-8.343986,4.354589,-1.40465,7.603754,-1.211856,599827.4642
-6.141081,-1.599751,9.559791,-9.222308,-6.826215,8.257742,5.380744,8.209956,6.375385,-3.222554,600299.1218
-6.801531,-4.82969,8.609268,9.316272,3.919142,8.182092,-2.838429,0.654963,-3.797963,9.427476,602736.5896
-0.134188,-0.790172,-1.564226,4.781343,2.94542,-2.803065,9.843861,9.899898,8.814624,-8.784892,604972.8716
9.853841,6.643672,-2.74974,-2.765396,8.917907,7.319962,-8.044453,7.718781,-0.892041,6.325028,606367.1599
-6.168767,-1.547012,9.567106,-9.300002,-6.864511,8.229979,5.258717,8.384024,6.291651,-3.379518,607151.903
9.885724,6.727699,-2.628895,-2.639588,8.882116,7.355612,-8.079461,7.615098,-0.863944,6.268449,608519.0868
-0.038968,-0.795063,-1.499098,4.67698,2.822042,-2.821764,9.971198,9.830507,8.945627,-8.68752,608914.2221
9.441951,-2.374677,7.638275,9.967258,4.85669,0.102421,7.536972,-7.188255,7.870736,-3.447,611262.4214
-6.824132,-4.950464,8.726616,9.231865,3.901848,8.066509,-2.98615,0.63578,-3.66098,9.401473,612694.1253
-6.849114,-4.966837,8.61851,9.251332,3.902094,8.185148,-2.857911,0.737613,-3.625369,9.490721,613409.1127
6.264578,-3.339706,9.630477,-6.681411,-2.712157,-7.924084,6.744215,8.880082,-0.333822,-1.611923,614313.1024
9.920146,6.661308,-2.725915,-2.780754,8.859099,7.383725,-8.161044,7.652273,-0.996637,6.269941,614588.6659
-0.141579,-0.731993,-1.413652,4.622862,2.992041,-2.846571,9.95677,9.855117,8.972545,-8.758642,616521.8783
-6.998208,-4.847988,8.668662,9.276982,3.936915,8.198372,-2.851177,0.784873,-3.761504,9.424478,616953.5957
9.469737,-2.297589,7.678412,9.816116,4.942624,0.100589,7.465986,-7.055048,7.960739,-3.593696,617146.0886
-0.145332,-0.612395,-1.415563,4.747657,2.93326,-2.912476,9.87825,9.912789,8.980315,-8.783142,618170.4639
5.60507,8.882796,7.002124,1.010968,4.504067,9.757697,2.655636,2.309511,0.34023,9.202325,618267.2034
6.335643,-3.318433,9.678313,-6.60004,-2.612924,-7.854879,6.677669,8.84647,-0.241851,-1.710946,618661.5503
9.944392,6.671915,-2.784314,-2.621455,8.932529,7.201664,-8.146985,7.73599,-0.8391,6.253811,618875.8135
9.520635,-2.210718,7.658452,9.862254,4.801509,0.142854,7.581421,-7.031054,7.900747,-3.511508,619519.3024
9.490486,-2.363948,7.613275,9.890833,4.965805,0.036653,7.528168,-7.145824,7.992425,-3.465678,619984.4471
-0.022008,-0.664916,-1.405972,4.762203,2.974408,-2.850203,9.973674,9.94789,8.910765,-8.76264,620651.1687
9.545655,-2.266215,7.752529,9.90861,4.984375,0.103832,7.408264,-7.031115,7.805085,-3.533512,621040.9967
5.792175,8.850179,7.036453,1.121746,4.552072,9.602429,2.634901,2.274015,0.362451,9.304565,622544.3926
-4.504617,9.827792,-7.983854,6.532119,-9.517157,-5.009271,2.930697,5.822246,3.198686,-5.314682,622846.147
6.2801,-3.273575,9.688631,-6.604017,-2.694266,-7.972137,6.649718,8.907075,-0.361045,-1.616251,623658.8589
-4.408216,9.868298,-7.941428,6.47454,-9.558878,-5.067047,2.810172,5.852784,3.0074,-5.247918,624281.7679
9.97876,6.739422,-2.642206,-2.61163,8.833375,7.286647,-8.080017,7.735726,-0.981687,6.334085,624393.3845
-4.567233,9.907735,-7.828329,6.451578,-9.545944,-5.03261,2.953653,5.950898,3.009541,-5.224157,625045.6889
0.594549,-9.055336,8.502069,8.043391,-0.685457,-0.449305,-9.258631,2.770958,-0.466988,-5.610906,626205.7624
-8.082566,-7.654008,7.559296,-2.482982,2.028821,-2.650801,-3.906522,6.412652,8.003831,-6.967744,628036.2243
2.192712,-9.421785,-0.327357,-7.473318,2.580683,-2.3061,-9.104085,-9.880515,5.328896,0.479683,628084.7544
0.49852,-9.094016,8.516555,8.180123,-0.797906,-0.403296,-9.205716,2.677117,-0.496661,-5.6282,629627.6529
-8.166203,-7.620505,7.548428,-2.581452,2.179826,-2.749163,-3.883251,6.447964,8.07068,-6.827942,629929.4552
-4.539973,9.931678,-7.831527,6.424069,-9.573973,-5.045485,2.981733,5.855066,3.168642,-5.388372,630532.2769
6.236677,-3.28569,9.772775,-6.665244,-2.72336,-7.991494,6.621418,8.825301,-0.291859,-1.624492,630651.5147
-8.112365,-7.68119,7.508691,-2.48905,2.16992,-2.762112,-3.919373,6.552316,8.106073,-6.822323,631239.285
5.71945,8.867068,7.01435,1.179655,4.475477,9.66588,2.718377,2.306774,0.389174,9.387908,631723.2656
-6.859353,-4.959209,8.749777,9.22604,3.979787,8.0035,-2.869017,0.703836,-3.649793,9.597985,634104.1385
5.644588,8.818728,7.168683,1.138591,4.411436,9.677824,2.621975,2.215527,0.297521,9.392471,634867.3777
6.309892,-3.287917,9.779049,-6.735844,-2.789266,-7.929955,6.665748,8.859956,-0.214123,-1.755893,635442.3567
0.58329,-9.116394,8.538235,8.176409,-0.725963,-0.401248,-9.25882,2.621643,-0.491054,-5.603865,636236.8137
2.145749,-9.495188,-0.350728,-7.586131,2.457868,-2.395714,-9.181502,-9.851909,5.223525,0.530036,637018.0528
5.731365,8.919202,7.053539,1.176165,4.555863,9.649825,2.694536,2.320996,0.200578,9.371592,637364.3587
-4.458788,9.947216,-7.953612,6.508329,-9.583762,-5.06563,2.926085,5.846913,3.032681,-5.234171,637644.1747
0.582409,-9.076822,8.580004,8.166644,-0.688216,-0.585381,-9.285786,2.658348,-0.463597,-5.62775,638485.1354
2.179269,-9.548452,-0.399035,-7.524587,2.529665,-2.263695,-9.114172,-9.839718,5.369856,0.437335,641348.6815
-8.193908,-7.610555,7.564988,-2.57839,2.02473,-2.774329,-3.984182,6.439538,8.175611,-6.958694,642561.2734
2.037472,-9.591009,-0.208804,-7.407468,2.416762,-2.272213,-9.034947,-9.840036,5.362638,0.592352,642698.9887
2.037179,-9.506803,-0.389783,-7.431699,2.428567,-2.212192,-9.081703,-9.95286,5.36318,0.43208,643837.9681
-8.087431,-7.787755,7.54948,-2.561927,2.068064,-2.66067,-3.894248,6.443208,8.133954,-6.986224,644823.5736
0.492306,-9.193046,8.477014,8.089699,-0.780876,-0.55012,-9.312642,2.675793,-0.504546,-5.749252,644896.9864
-8.678989,9.679258,-5.03075,-4.627849,-8.038876,3.34095,-7.682412,4.868235,-1.466361,5.414528,663164.67
-3.838772,-7.595867,-4.457831,3.377244,5.358902,9.97406,9.038286,7.302219,-8.847265,7.843667,669588.811
-3.868733,-7.548418,-4.598523,3.326369,5.282399,9.828391,9.023335,7.384435,-8.857762,7.953781,671253.2683
-3.879117,-7.458536,-4.567202,3.235166,5.376737,9.811912,9.19289,7.321627,-8.947752,7.875407,671834.1265
8.028139,9.20216,-6.492259,-0.90671,-5.739686,1.76495,2.272908,1.331882,-9.410876,-5.870035,673983.9879
-8.609803,9.783765,-5.035389,-4.690853,-8.031529,3.31809,-7.693964,4.922571,-1.535739,5.583161,675587.6298
-8.647432,9.768208,-5.163851,-4.796452,-8.196987,3.204612,-7.629521,4.905057,-1.470361,5.400346,676459.9605
-3.993902,-7.592519,-4.485643,3.362056,5.34928,9.893163,9.127593,7.349011,-8.835465,7.986677,680310.5901
-3.976903,-7.473529,-4.453297,3.234781,5.344133,9.976728,9.164823,7.288565,-8.903811,7.991344,680490.3292
-8.715202,9.786254,-5.084522,-4.606994,-8.072266,3.217643,-7.661505,4.940309,-1.484605,5.532714,684455.3898
8.09865,9.210957,-6.510783,-0.945459,-5.758135,1.747855,2.313343,1.229812,-9.480443,-5.803725,684570.7753
-8.716829,9.798525,-5.079341,-4.729234,-8.117519,3.261541,-7.620118,4.926067,-1.552848,5.592364,686927.882
8.180629,9.209902,-6.504633,-0.818824,-5.697866,1.778662,2.260083,1.338543,-9.490297,-5.839898,691037.2634
8.119319,9.249463,-6.545892,-0.920452,-5.784257,1.649449,2.360013,1.255788,-9.486013,-5.827336,692671.2156
8.01385,9.209649,-6.583771,-0.855379,-5.686133,1.616872,2.397191,1.336359,-9.578487,-5.951296,693323.4483
-8.319665,8.437115,9.200063,-8.018346,3.05924,8.989772,-5.245892,3.878982,1.434979,3.054275,703448.0388
-8.212941,8.452454,9.297811,-8.113287,3.165327,8.811064,-5.362287,3.906843,1.40866,3.01782,704040.2946
-8.214847,8.555101,9.274382,-8.10895,3.153089,8.938099,-5.249688,3.846711,1.520814,3.122367,713507.1625
-8.313179,8.586715,9.223267,-8.133355,3.017167,8.838099,-5.323502,3.920163,1.529774,3.011331,715107.6465
-8.246747,8.510635,9.316933,-8.010876,3.000642,8.885603,-5.339922,3.871746,1.401668,3.050015,716007.7076
-1.091514,8.359484,7.915012,-1.497936,-3.978855,-4.7345,-7.890865,6.073769,9.823232,-7.666475,716512.0572
0.663513,4.045372,-9.850611,3.442829,2.703084,5.910057,5.105972,-8.662407,2.135009,-9.444321,717969.211
-1.066753,8.253655,7.804239,-1.570682,-3.865438,-4.636184,-7.963539,6.154875,9.990472,-7.729831,720729.559
-1.082569,8.238263,7.936122,-1.489469,-3.814871,-4.727634,-7.99508,6.023904,9.878633,-7.79852,721684.9786
-1.079086,8.319147,7.993232,-1.406404,-3.847983,-4.67316,-7.993822,6.024247,9.850708,-7.683007,724152.865
0.723513,4.171734,-9.861065,3.436465,2.671313,5.815232,5.160342,-8.68944,2.056603,-9.509146,727320.8156
0.696891,4.18598,-9.956281,3.449915,2.784036,5.858569,5.034532,-8.623244,2.121951,-9.409779,728843.234
-1.13234,8.395885,7.982132,-1.499342,-3.850317,-4.701471,-7.920146,6.068671,9.888382,-7.725964,733581.671
0.693534,4.009845,-9.947757,3.539564,2.613538,5.818642,5.038737,-8.724267,2.145474,-9.499938,739706.4835
0.697992,4.111296,-9.95073,3.557702,2.635826,5.989977,5.077816,-8.692986,2.039874,-9.556502,746427.5838
7.945261,-9.256714,-9.336218,-7.011011,7.401918,-1.064567,3.37538,5.282418,-5.258463,2.630684,760597.9359
7.861051,-9.280108,-9.367364,-7.196975,7.403853,-1.055035,3.256726,5.272238,-5.38531,2.77121,764207.5127
7.872784,-9.365452,-9.288667,-7.147893,7.564313,-1.188933,3.362256,5.210733,-5.37573,2.665882,765542.0198
7.954661,-9.368756,-9.277516,-7.059184,7.53761,-1.031193,3.357564,5.365274,-5.355397,2.762427,770251.0591
7.934259,-9.37185,-9.373317,-7.090688,7.470091,-1.104647,3.301142,5.285893,-5.200478,2.763558,778555.2615
-7.833874,-8.678762,-3.436215,1.584267,1.45046,2.990263,-7.368796,9.63557,5.592661,9.641376,814990.026
-7.963134,-8.771778,-3.414177,1.419078,1.424381,2.823696,-7.326874,9.644457,5.596038,9.627886,830367.1247
-7.838635,-8.639249,-3.582437,1.495755,1.463014,2.852337,-7.345857,9.72538,5.570032,9.783527,832434.0306
7.627979,-9.809148,9.161321,-9.745703,5.12147,-0.787827,0.137805,7.079685,6.831477,-0.050114,834467.8957
7.631231,-9.860565,9.077004,-9.748668,5.080028,-0.637586,0.170166,7.126263,6.984923,-0.139759,836479.0396
-7.958764,-8.630059,-3.49139,1.584041,1.546605,2.87879,-7.378793,9.741517,5.502117,9.75579,836584.4538
-7.954029,-8.753975,-3.594689,1.549215,1.564513,2.830539,-7.251238,9.704032,5.537467,9.689887,837415.1189
7.668395,-9.911082,9.034504,-9.642382,5.193453,-0.661341,0.131391,7.046778,6.979101,-0.095728,838222.4478
7.652352,-9.913919,9.104856,-9.781034,5.053868,-0.796068,0.045218,7.023464,6.826578,-0.066934,840894.9159
7.727079,-9.931453,9.179806,-9.76994,5.171563,-0.624379,0.066628,7.111366,6.846854,-0.11158,860770.1533
-9.550136,8.714159,9.803615,7.158727,-7.051127,2.306885,6.431749,0.461145,1.182224,-1.036383,884590.6268
-9.479242,8.631545,9.922791,7.000321,-7.003116,2.272972,6.566101,0.596511,1.192641,-1.071587,887996.971
-9.516801,8.685981,9.869188,7.199783,-7.131115,2.216778,6.433089,0.422626,1.166784,-1.174607,888830.1118
-9.483407,8.771574,9.977466,7.12686,-7.158961,2.307455,6.439823,0.48385,1.056333,-1.095778,909827.1118
-9.517632,8.76392,9.955217,7.09039,-7.173,2.367771,6.565871,0.467757,1.178249,-1.020994,911724.6621