x8,x9,x30,x10,x12,x11,x14,x13,x16,x15,x18,x17,x19,x21,x20,x23,x1,x22,x2,x25,x3,x24,x4,x27,x5,x26,x6,x29,x7,x28,y
-2.907528,2.322357,-0.354167,3.0309,2.420118,-1.731189,0.598667,2.024244,4.107393,-0.325331,2.482416,-0.495531,1.377881,0.806626,2.515423,-2.435484,4.698916,-0.042285,-1.171861,-1.465341,-4.934477,-3.094646,1.798678,1.355295,-0.777669,-0.851396,3.926782,2.369819,-3.352729,-0.303326,1875.14659
-2.914875,2.328481,-0.394034,3.039025,2.382141,-1.680961,0.597271,1.962359,4.175108,-0.395337,2.484817,-0.506513,1.433173,0.733261,2.555321,-2.428396,4.678492,-0.079861,-1.169649,-1.456074,-4.920078,-3.128091,1.776515,1.341061,-0.738499,-0.820719,3.977799,2.418636,-3.359031,-0.300201,1894.044257
-2.8988,2.355077,-0.390832,2.986043,2.435515,-1.725063,0.613611,1.957718,4.139217,-0.397126,2.469241,-0.422382,1.387557,0.818332,2.541854,-2.432994,4.693923,-0.068828,-1.163964,-1.451591,-4.922766,-3.151688,1.764152,1.430222,-0.809831,-0.913479,3.904809,2.408157,-3.359551,-0.269761,1897.169088
-2.403485,-5.055476,-1.348711,0.462342,-2.127106,0.399873,-3.157759,1.1721,2.8241,3.397214,1.753749,-2.176946,0.984375,-2.438281,-0.10487,-1.465429,-1.804828,-0.729757,2.81404,-0.235146,-2.896877,-0.267652,-0.128871,4.304264,-1.568157,2.530037,-0.27341,-0.461584,-2.161845,-3.257394,2250.518141
-2.391922,-5.020251,-1.419881,0.465529,-2.068818,0.382496,-3.089753,1.194647,2.85442,3.388587,1.800311,-2.16068,1.011635,-2.374869,-0.19952,-1.526977,-1.788247,-0.792455,2.77323,-0.249549,-2.895305,-0.276569,-0.134687,4.339238,-1.560006,2.523586,-0.246034,-0.430645,-2.197098,-3.244052,2254.376605
-2.409026,-5.026822,-1.423663,0.471269,-2.118399,0.349525,-3.16857,1.216095,2.840366,3.380082,1.83238,-2.165721,0.985486,-2.372356,-0.183163,-1.526376,-1.74506,-0.7534,2.865168,-0.208115,-2.95191,-0.286474,-0.127902,4.380537,-1.578331,2.483334,-0.303852,-0.479055,-2.223262,-3.251825,2273.384732
3.526683,0.081724,0.255288,0.302765,-4.089769,3.385932,-0.026797,-0.485218,1.681374,0.696481,-1.613992,3.436334,-1.622724,4.729187,-1.683524,3.457753,-4.233007,0.369773,-2.13678,-3.30636,2.52216,-0.760152,-4.404506,-1.9106,-2.609279,1.673884,-1.66096,0.080197,-4.725381,2.144722,2505.042319
3.536273,0.083652,0.261183,0.227208,-4.067315,3.451566,-0.012393,-0.458261,1.715406,0.636897,-1.566955,3.417522,-1.580086,4.799996,-1.703925,3.460674,-4.241495,0.335126,-2.09667,-3.333114,2.535237,-0.816887,-4.499522,-1.878676,-2.56153,1.697458,-1.733811,0.073968,-4.741315,2.086596,2519.429822
3.511156,0.043462,0.230108,0.261798,-4.022674,3.429806,-0.075635,-0.504776,1.666626,0.654087,-1.582877,3.462195,-1.542788,4.812534,-1.699734,3.435271,-4.25935,0.376856,-2.057036,-3.345433,2.513445,-0.786565,-4.501619,-1.924858,-2.588502,1.718132,-1.651204,0.064514,-4.735023,2.140044,2524.75923
3.073937,2.708108,2.503864,-2.161544,-1.320578,2.982574,2.072784,2.497494,0.675772,-1.073065,3.795022,2.296808,0.25225,-3.671059,-3.201837,1.620493,0.119655,-2.703828,1.844824,2.011517,1.922432,-1.833004,2.51372,0.790677,0.483883,-2.720204,-2.786998,3.042411,3.402176,0.325957,2554.852011
3.113688,2.692227,2.518921,-2.150776,-1.305483,3.058396,2.057401,2.527972,0.649129,-1.068407,3.843619,2.276434,0.207109,-3.637391,-3.187956,1.576645,0.117562,-2.718013,1.932848,2.0271,1.891574,-1.78951,2.532773,0.779259,0.412043,-2.753941,-2.859551,2.991418,3.382782,0.395751,2555.541075
-0.171809,0.624404,4.039713,1.644792,1.926442,3.184126,-0.758708,1.410261,4.709883,-2.120725,0.032188,-1.112205,-1.50354,0.180549,1.908329,-0.796102,-3.691551,-5.094492,-4.857171,1.249288,0.540621,-0.866789,-0.003583,2.577442,4.979765,-0.949048,-2.227982,1.031064,4.749257,-1.331772,2569.496048
-0.131085,0.692002,4.08906,1.638954,1.864716,3.272383,-0.781887,1.336431,4.633491,-2.120061,0.048202,-1.077415,-1.532059,0.142646,1.933946,-0.760927,-3.704179,-5.068888,-4.870731,1.229199,0.592024,-0.83914,-0.097105,2.627079,4.959338,-0.932698,-2.211392,1.0462,4.778193,-1.342484,2573.556372
3.09914,2.712622,2.485193,-2.240269,-1.238043,2.988157,2.114295,2.532379,0.658835,-1.061596,3.879627,2.339113,0.306536,-3.667615,-3.198181,1.61138,0.173995,-2.748398,1.909924,1.982365,1.921836,-1.823048,2.520628,0.810468,0.443531,-2.719122,-2.81402,3.032313,3.438085,0.38888,2577.550056
-0.166866,0.630025,4.088152,1.705302,1.881108,3.234496,-0.734729,1.432804,4.698555,-2.129813,0.091404,-1.099038,-1.502585,0.150209,1.936361,-0.718501,-3.774348,-5.067658,-4.900742,1.327972,0.578875,-0.824117,-0.080139,2.59617,5.012772,-0.972789,-2.202553,1.105333,4.789872,-1.376592,2597.34836
-1.793979,-1.06006,0.711157,1.578624,4.417765,2.020058,-3.199195,3.400354,-3.348601,4.577689,-1.15156,-1.366496,-4.854206,-0.210489,-1.633488,-1.348367,4.880966,1.139027,-1.318385,-1.538231,-4.689667,0.173239,-1.473579,0.569126,4.865584,2.69693,3.64191,-1.822268,-0.897552,3.043878,2689.357218
-1.796811,-1.118753,0.691375,1.545157,4.417455,2.036989,-3.272595,3.425769,-3.358537,4.595606,-1.164372,-1.345309,-4.890643,-0.222402,-1.558456,-1.380766,4.859053,1.219966,-1.272302,-1.544341,-4.634863,0.125383,-1.513283,0.521034,4.889442,2.732395,3.647594,-1.812892,-0.900212,2.986571,2702.716792
-1.780632,-1.11336,0.708122,1.581037,4.459388,2.011528,-3.202515,3.464721,-3.351969,4.600873,-1.208101,-1.412128,-4.864075,-0.240418,-1.572007,-1.344937,4.895828,1.173612,-1.255699,-1.620337,-4.647687,0.137501,-1.521854,0.611273,4.889019,2.756351,3.640765,-1.837866,-0.898665,3.036374,2724.579712
3.024874,4.419545,-0.79951,-0.313744,0.960576,0.042886,1.357834,-0.080898,-1.579717,-4.716904,-0.844187,-1.89589,-2.404286,-4.779865,-0.876215,-2.600343,-4.625865,-3.969409,-2.158923,-3.442296,2.42296,2.05138,-3.178125,0.337793,1.749116,-0.051432,-3.9814,1.289092,3.746713,-2.209304,2743.518637
3.051506,4.50368,-0.755363,-0.397477,0.98682,0.04907,1.377314,-0.089583,-1.626513,-4.743126,-0.852908,-1.938904,-2.435498,-4.785103,-0.861007,-2.586325,-4.679331,-3.934936,-2.224542,-3.427282,2.367258,2.122919,-3.275479,0.343815,1.834401,-0.084036,-3.89709,1.26643,3.736163,-2.241587,2763.343249
3.048894,4.493957,-0.765729,-0.408757,0.95991,0.066285,1.43107,-0.016177,-1.63139,-4.797865,-0.835252,-1.931476,-2.434795,-4.788072,-0.822973,-2.563768,-4.620055,-3.936431,-2.244378,-3.468915,2.372822,2.094817,-3.274771,0.345157,1.828667,-0.008143,-3.907877,1.281965,3.752991,-2.179947,2766.961025
-1.530839,-3.376845,-0.058844,-4.678515,-4.278275,-3.79071,-1.684591,3.209928,-0.213196,4.006751,-2.496127,-3.102482,-2.932481,3.29687,2.310391,-1.299841,-1.532772,-1.205389,-4.708892,2.160545,0.930451,-1.68545,4.424655,-1.802507,2.363884,1.1627,-0.435871,2.934061,-3.233756,-0.971233,2791.998786
-1.511184,-3.353333,-0.08704,-4.627163,-4.248407,-3.812728,-1.683312,3.250156,-0.22254,4.08871,-2.534674,-3.145469,-2.929581,3.3568,2.281648,-1.229942,-1.43406,-1.129554,-4.66337,2.177918,1.017691,-1.654441,4.495854,-1.755357,2.394133,1.148947,-0.485427,2.918379,-3.229692,-0.953844,2796.224883
-1.53568,-3.311561,-0.009713,-4.655928,-4.239783,-3.839281,-1.712906,3.234217,-0.306636,4.095166,-2.559971,-3.095456,-2.932192,3.325052,2.325502,-1.31756,-1.468183,-1.153688,-4.679314,2.195178,0.956385,-1.703325,4.473094,-1.776617,2.426566,1.177287,-0.492298,2.868106,-3.183623,-0.93061,2800.800351
-4.142218,2.525219,-0.288698,-3.797112,-3.900821,3.11328,-4.462277,0.105082,4.2271,1.41945,-1.3216,-3.21809,0.16367,-2.837489,-4.10024,-1.869642,-4.964181,-1.44878,4.087899,-1.073171,-4.830517,2.271476,0.022119,-0.400286,1.062481,-2.002756,5.113297,0.546685,2.812894,2.415104,2844.665115
-0.964337,5.006647,0.118174,1.833604,-4.400384,-0.882102,2.423675,3.921209,-2.218234,4.674378,-3.089806,3.901545,1.556478,-2.330408,-0.264446,4.000035,0.415662,0.747014,-4.136472,0.23501,-3.563016,-3.45373,0.127242,2.231989,1.539386,-1.54652,0.533689,-0.65228,-3.688778,-0.135909,2847.534724
-4.188754,2.474173,-0.217091,-3.8501,-3.989881,3.092826,-4.459659,0.115147,4.200512,1.369686,-1.254842,-3.212891,0.181737,-2.837159,-4.103905,-1.944101,-5.005851,-1.459479,4.07161,-1.074418,-4.910488,2.269107,0.048407,-0.320047,1.105984,-2.006864,5.107333,0.547482,2.853742,2.375164,2851.303488
-4.098948,2.517089,-0.213527,-3.842756,-3.979985,3.122676,-4.502492,0.186297,4.274228,1.406353,-1.319512,-3.23529,0.167219,-2.78123,-4.107069,-1.903849,-5.001181,-1.500938,4.04256,-1.039486,-4.900931,2.285208,0.049265,-0.318246,1.116763,-1.952732,5.083341,0.571084,2.772873,2.421949,2859.3788
-0.937518,4.934697,0.168642,1.834299,-4.358751,-0.858596,2.431266,3.970483,-2.246963,4.705108,-3.087755,3.891874,1.624346,-2.311269,-0.278871,4.020869,0.467696,0.796195,-4.165047,0.235357,-3.54484,-3.439917,0.123233,2.21891,1.620681,-1.633106,0.603029,-0.707926,-3.742135,-0.145603,2864.904574
-1.016518,4.979986,0.181874,1.841971,-4.364686,-0.849108,2.408852,3.946227,-2.201098,4.63955,-3.108067,3.89943,1.606155,-2.331517,-0.292364,4.084673,0.466728,0.796984,-4.196206,0.26508,-3.559331,-3.416333,0.145734,2.249829,1.586901,-1.608628,0.598201,-0.708982,-3.727736,-0.124267,2868.341206
1.20496,2.023585,-1.541731,1.325095,1.654171,-0.517594,-1.445066,-1.226853,0.371115,0.439303,-1.444353,0.610014,4.571471,-4.946763,0.853662,3.370658,-2.641529,3.856865,4.392175,-1.403872,1.703222,0.277617,-4.987016,-1.393494,-4.786184,-2.927654,-0.742905,-4.237826,0.933652,-1.255793,2954.057318
1.212179,2.01675,-1.602952,1.281788,1.692167,-0.564308,-1.491535,-1.160252,0.402,0.421341,-1.445939,0.595305,4.604148,-5.009174,0.824087,3.339237,-2.604041,3.838119,4.394656,-1.346537,1.699865,0.264203,-4.980218,-1.404015,-4.750798,-2.969094,-0.730106,-4.205638,0.996685,-1.231959,2962.264057
1.163074,1.994827,-1.603242,1.315903,1.66996,-0.600933,-1.453692,-1.204833,0.350423,0.438335,-1.533027,0.547166,4.600956,-4.970065,0.901359,3.35183,-2.568306,3.825644,4.364828,-1.338165,1.686418,0.295752,-4.971441,-1.41461,-4.737492,-2.889411,-0.747599,-4.290423,0.991086,-1.247182,2966.647786
-3.477448,-0.010553,-0.930142,-1.117156,2.91453,1.41366,-2.673725,-4.18935,1.541116,4.23331,0.522857,-3.952073,-3.679117,1.921318,-2.050291,-2.102999,-0.792728,1.670915,0.921249,0.614467,3.751625,-0.684308,0.645587,-1.075534,-2.246044,1.010595,1.326914,4.949972,-4.625444,-3.044426,3026.82755
-3.444108,-0.088209,-1.016728,-1.124879,2.892431,1.350044,-2.666892,-4.160694,1.552751,4.282185,0.613195,-3.946845,-3.601637,1.914801,-2.079337,-2.102615,-0.729172,1.7391,0.856485,0.61739,3.740781,-0.63318,0.631707,-1.096216,-2.23344,0.976886,1.25205,4.998713,-4.65507,-3.005654,3032.664049
-3.470313,-0.030485,-0.964169,-1.120029,2.955751,1.421171,-2.721691,-4.153537,1.543683,4.287594,0.611134,-3.965532,-3.671587,1.931309,-2.101145,-2.091049,-0.745674,1.676754,0.866253,0.712407,3.705636,-0.681705,0.68897,-1.101242,-2.192967,0.932421,1.247497,4.916319,-4.697501,-3.065376,3041.159648
5.035784,1.672773,0.858028,3.456266,-0.851152,2.761608,-1.300799,4.895293,2.978759,2.596971,1.940118,3.283933,2.994012,-0.153001,2.961597,3.564785,2.412339,0.616543,-4.781293,0.134522,1.293681,-1.504705,-4.763638,1.640527,4.414509,3.215397,-1.802936,-2.571793,2.258453,-2.967124,3073.052244
5.108922,1.699338,0.824992,3.394332,-0.876968,2.751447,-1.27446,4.857072,2.972086,2.638932,1.931095,3.335604,2.979231,-0.13085,2.939059,3.5496,2.43974,0.663587,-4.801191,0.132481,1.291175,-1.484955,-4.796338,1.644119,4.490333,3.246182,-1.76786,-2.653396,2.293727,-2.902431,3081.5111
5.107829,1.717743,0.88197,3.460155,-0.851786,2.750747,-1.301111,4.904559,3.015381,2.628575,1.905272,3.337705,2.984271,-0.155852,2.889794,3.557046,2.362902,0.640208,-4.785279,0.166554,1.246906,-1.527137,-4.718719,1.650739,4.482396,3.213912,-1.802337,-2.601423,2.302304,-2.932263,3085.268378
1.713555,2.237494,3.643266,-1.829446,4.780103,4.00214,-0.56838,2.16434,1.311331,-4.244491,0.11056,-2.416187,-4.933923,3.24341,-1.86953,0.260797,-2.978901,-0.337092,-0.664517,-3.69526,-2.089598,2.1954,-1.308381,1.448539,-3.10854,3.088508,-1.250467,-0.101695,-1.783688,-1.516195,3106.693673
1.723293,2.154253,3.676989,-1.766408,4.715306,4.08689,-0.531121,2.2493,1.301982,-4.217411,0.147459,-2.370974,-4.965069,3.235124,-1.846456,0.209628,-3.05093,-0.339817,-0.667424,-3.695222,-2.099013,2.20196,-1.24317,1.461153,-3.16948,3.131351,-1.244132,-0.047713,-1.842653,-1.506237,3119.174001
1.717402,2.18214,3.666944,-1.762734,4.770618,4.030553,-0.550969,2.203776,1.324442,-4.214836,0.190551,-2.406693,-4.948503,3.230688,-1.881553,0.295563,-2.998303,-0.321346,-0.687474,-3.756211,-2.131296,2.244417,-1.282113,1.51826,-3.155056,3.09382,-1.291675,-0.06194,-1.814617,-1.454903,3130.383007
-4.379721,-0.512966,1.268728,-0.62405,-2.430543,-0.772997,2.184141,1.770894,1.419754,-0.272576,-3.611951,1.532681,-1.843677,4.921241,3.914528,-0.323704,-4.604076,-2.610434,-4.080624,-3.185805,2.713096,0.451262,3.799071,3.905299,3.668326,-1.341463,0.067933,-2.282576,0.171957,-3.488286,3143.960792
-4.318518,-0.5297,1.243827,-0.712047,-2.364194,-0.718377,2.178434,1.792662,1.393562,-0.292033,-3.686366,1.501947,-1.874826,4.944554,3.981035,-0.307754,-4.511715,-2.577951,-4.020758,-3.240666,2.722986,0.492876,3.830263,3.963471,3.607283,-1.35498,0.074467,-2.267653,0.128333,-3.483312,3172.991661
-3.833971,-2.753309,-4.646305,3.77713,-2.210465,-2.429108,-1.868693,-1.654905,-4.738854,0.908878,-0.398496,2.167096,2.403223,-0.394091,4.616823,0.540023,3.707538,-2.275701,-3.30653,1.546524,-1.872967,-0.310642,1.109441,2.445587,-1.266625,-3.021271,-0.638279,-3.4116,1.280579,0.74322,3185.4229
-4.361397,-0.549537,1.2646,-0.669644,-2.400659,-0.773605,2.209913,1.817039,1.43109,-0.225318,-3.685099,1.48781,-1.912759,4.983954,3.980974,-0.326836,-4.511794,-2.605029,-4.005658,-3.204614,2.729284,0.455322,3.805248,3.89371,3.609785,-1.400496,0.099264,-2.345548,0.13675,-3.48166,3188.927061
4.200742,1.094608,4.520677,-0.023161,-3.166749,3.601625,1.685442,-2.824068,1.914362,0.363477,-4.546176,0.802155,4.659717,-3.800831,0.05128,4.708865,3.846535,-0.472334,1.148881,-0.970145,-3.244658,-2.305398,-2.56772,-0.935346,0.290652,0.227007,1.838739,-1.45823,-1.602259,0.17021,3198.572387
4.203213,1.061311,4.57949,-0.070902,-3.072737,3.652086,1.670833,-2.840088,1.899426,0.343774,-4.566799,0.717267,4.664478,-3.827844,0.051324,4.647311,3.837294,-0.507887,1.220077,-0.968552,-3.228735,-2.259447,-2.612256,-0.986753,0.303436,0.205883,1.803007,-1.466692,-1.603507,0.133168,3202.322289
4.229985,1.03166,4.579485,-0.038041,-3.08795,3.682543,1.642958,-2.854574,1.867205,0.390266,-4.530719,0.817406,4.696615,-3.848447,0.06718,4.619264,3.821047,-0.433448,1.228168,-0.983596,-3.237268,-2.298361,-2.628135,-0.967751,0.269314,0.236094,1.82071,-1.438611,-1.620965,0.190385,3207.306644
-3.867009,-2.746893,-4.656108,3.742195,-2.166556,-2.426655,-1.929528,-1.673185,-4.776235,0.868343,-0.364209,2.18533,2.451427,-0.360004,4.651042,0.582492,3.768408,-2.315311,-3.356287,1.619694,-1.897178,-0.386645,1.068118,2.376427,-1.229126,-2.9785,-0.659551,-3.427891,1.314426,0.795117,3207.871874
-4.273352,-2.913631,1.351515,-0.978613,1.963448,4.118726,3.935052,3.038126,-2.599857,0.159312,-3.300268,-0.301419,-0.495489,3.036508,-4.444351,-3.785465,0.84672,1.101218,-4.607052,-3.148184,2.296726,-2.054201,2.88689,-2.786588,-0.823431,0.076779,4.831308,2.585679,2.176272,-1.859701,3230.743379
-3.823182,-2.717572,-4.656789,3.782271,-2.247934,-2.422635,-1.93216,-1.723864,-4.746448,0.879731,-0.307231,2.189432,2.437944,-0.38273,4.697679,0.540851,3.743176,-2.303553,-3.331529,1.621742,-1.8459,-0.343067,1.10734,2.395472,-1.324211,-3.048686,-0.707914,-3.476604,1.290591,0.776305,3236.546003
-4.289718,-2.951441,1.358862,-0.926768,1.977678,4.126491,3.981451,3.016668,-2.580558,0.182024,-3.288575,-0.264181,-0.426465,3.067478,-4.433167,-3.722176,0.827001,1.038298,-4.57773,-3.155208,2.261252,-2.061512,2.92855,-2.851106,-0.882805,0.057482,4.859906,2.627193,2.192488,-1.858229,3242.240462
0.923754,-0.456356,-1.201521,-2.290119,0.642813,2.31281,-2.572191,0.641876,4.884189,-0.651218,-0.686123,-3.675943,0.833922,-0.918651,2.081065,1.740871,-2.680099,-0.966843,3.39789,-2.913987,-2.5569,-5.07948,1.395039,-1.147675,-3.054034,3.282333,-4.490564,0.318709,3.033083,-5.021945,3246.282222
-4.295746,-2.935728,1.41828,-0.931912,1.947549,4.122494,3.988844,2.970296,-2.616102,0.143281,-3.340695,-0.218716,-0.465136,3.029671,-4.436593,-3.78675,0.901308,1.072918,-4.53396,-3.171253,2.324658,-2.062263,2.894634,-2.836443,-0.834271,0.07917,4.904296,2.577977,2.203225,-1.911812,3260.688485
0.92543,-0.503866,-1.209053,-2.276049,0.710229,2.335237,-2.596405,0.652565,4.820384,-0.669722,-0.666095,-3.646115,0.912986,-0.863497,2.096211,1.742867,-2.731389,-0.94214,3.41133,-2.943855,-2.540784,-5.065969,1.378241,-1.215039,-3.039393,3.318234,-4.488269,0.351496,3.054417,-5.061006,3261.574985
0.638144,5.070232,-2.208163,-4.480911,0.216507,-2.954152,-1.554332,-0.189624,2.294176,-3.417657,3.729259,2.481149,-0.109037,3.81127,3.660218,-3.006112,2.641957,0.297198,2.27329,2.681972,-1.991122,1.567173,4.086605,1.58625,-2.532627,-0.577584,3.372126,-2.482064,0.750115,4.049554,3263.396495
4.869481,-3.620138,1.789287,0.956189,1.262635,-1.215411,1.012487,-2.023403,-1.333938,4.361805,-4.802664,-1.19786,-2.254611,-4.016157,-2.004838,2.357745,3.554826,-2.88805,-1.548274,1.856382,4.043682,-0.604544,0.413545,0.702296,4.350087,-1.273965,-3.038817,-4.818478,4.251581,0.575349,3273.003305
4.848113,-3.655392,1.77411,0.957636,1.275801,-1.227391,0.922334,-1.985298,-1.369216,4.333909,-4.740574,-1.221425,-2.347369,-4.031531,-1.994539,2.402715,3.524192,-2.948667,-1.585113,1.872428,4.034679,-0.515838,0.486093,0.706184,4.340774,-1.273645,-2.991512,-4.815591,4.242038,0.556624,3274.34427
0.617661,5.041952,-2.220231,-4.476391,0.234361,-2.90119,-1.581244,-0.163684,2.341504,-3.425705,3.729958,2.54088,-0.193051,3.832207,3.672466,-3.038525,2.650473,0.216121,2.263919,2.679333,-1.99385,1.564727,4.021818,1.575823,-2.55668,-0.550386,3.351221,-2.464825,0.774642,4.071821,3276.609407
0.634679,5.032094,-2.16807,-4.49231,0.275762,-2.953317,-1.63507,-0.147881,2.329309,-3.456383,3.766649,2.494167,-0.172762,3.835291,3.589372,-3.041995,2.579805,0.265159,2.348538,2.711426,-1.995641,1.59641,4.073096,1.607895,-2.53945,-0.512287,3.319195,-2.474042,0.808298,4.060133,3276.75365
1.006222,-0.488838,-1.174563,-2.305639,0.696269,2.301542,-2.616202,0.7148,4.81343,-0.709544,-0.640594,-3.648941,0.895733,-0.860943,2.147599,1.754212,-2.674892,-1.01517,3.428862,-2.911603,-2.506902,-5.114307,1.361102,-1.201347,-2.996225,3.341973,-4.432165,0.359322,3.043793,-5.087197,3281.795645
-3.482052,-1.980937,-4.439233,-1.284326,4.84955,1.064889,-4.039382,-0.882988,3.291969,-3.024945,-2.297243,-3.507468,0.481161,-1.008622,-0.577967,4.159011,2.501311,1.793778,0.986164,-1.694575,-0.880595,1.126373,-3.817947,3.79078,-3.220947,2.069995,4.298667,1.201703,-1.128866,0.614895,3283.722924
-3.571364,-2.007235,-4.417952,-1.312463,4.896429,1.087465,-4.004203,-0.864821,3.339214,-3.011763,-2.274959,-3.516089,0.431516,-0.982641,-0.553114,4.170068,2.534067,1.75241,0.989314,-1.70292,-0.912733,1.073219,-3.857805,3.862194,-3.183841,2.048334,4.223988,1.202124,-1.216177,0.710961,3297.756443
4.861682,-3.626656,1.772976,1.023005,1.273813,-1.213945,0.956117,-2.032763,-1.387856,4.39073,-4.756618,-1.185268,-2.298925,-4.082689,-1.985939,2.429245,3.484286,-2.915423,-1.561623,1.941953,4.017923,-0.513482,0.506468,0.615125,4.397871,-1.271229,-2.996596,-4.834153,4.243944,0.542992,3299.549616
-3.506982,-2.002845,-4.451984,-1.309822,4.840843,1.066737,-4.019998,-0.828202,3.350118,-2.986564,-2.320457,-3.57239,0.48246,-0.969732,-0.576883,4.112849,2.514892,1.758719,1.000346,-1.684825,-0.893723,1.057628,-3.862217,3.888298,-3.208026,2.097825,4.231728,1.222563,-1.18713,0.640068,3304.728612
-0.557347,0.129872,3.055071,-0.29492,-4.633405,-1.753142,5.037551,-1.544604,1.473689,-1.56679,2.961928,4.721985,-4.077112,2.916009,-0.655173,3.654736,2.707874,3.69627,1.765605,0.835508,1.484239,2.70776,-1.999365,-2.030907,-1.88831,1.545582,-0.024211,1.369342,-0.377461,2.464426,3326.859924
-0.566283,0.144975,3.033836,-0.208213,-4.682538,-1.77392,5.041667,-1.605141,1.531355,-1.551882,2.904835,4.726797,-4.089913,2.876178,-0.713916,3.602788,2.702326,3.777299,1.837993,0.86132,1.473922,2.739851,-1.976784,-1.990128,-1.930957,1.544838,-0.00605,1.337229,-0.31445,2.493273,3335.075458
-0.531155,0.12893,2.985488,-0.209131,-4.665755,-1.842653,5.063415,-1.538595,1.50597,-1.627969,2.891337,4.80524,-4.088259,2.873817,-0.615518,3.615437,2.731251,3.734813,1.765199,0.90208,1.50435,2.684988,-1.983288,-1.987663,-1.855512,1.602077,-0.000874,1.40104,-0.346078,2.492324,3335.560667
0.872058,1.457255,-2.741143,2.648555,1.165701,4.25851,4.272939,0.794782,-2.38458,-1.370828,2.135086,-1.782616,-0.739142,-0.714736,-2.685511,3.892158,1.370536,4.408334,-1.057485,3.453859,3.268557,3.978911,-3.980652,-0.017627,2.507763,2.980043,-0.598587,3.207117,-0.497062,-0.891673,3361.43645
0.846217,1.493328,-2.763068,2.635707,1.149274,4.211034,4.25828,0.802201,-2.380533,-1.41348,2.05667,-1.836156,-0.762168,-0.671557,-2.663294,3.93355,1.378425,4.470546,-1.060646,3.407939,3.234574,3.938555,-3.979617,-0.081381,2.550327,3.023548,-0.543188,3.213782,-0.453924,-0.83821,3363.795529
0.840365,1.519091,-2.690659,2.622556,1.217178,4.21714,4.287563,0.73585,-2.439989,-1.428946,2.118481,-1.785558,-0.806445,-0.700411,-2.738729,3.987151,1.407847,4.44993,-1.051861,3.447951,3.270782,3.89676,-3.991274,-0.018907,2.46875,2.987436,-0.552331,3.191978,-0.416024,-0.902322,3370.5079
-4.62006,-1.304451,0.786158,2.3103,-3.889395,3.325261,3.04499,1.865971,-1.504532,-1.850499,-3.175681,-2.00545,2.684805,3.588555,0.206313,-4.178593,-3.396668,2.401737,1.682147,-0.703502,1.56693,2.410805,-4.189979,-4.641804,3.305922,2.426019,-0.153977,3.28026,0.016388,1.024974,3388.113308
-4.634723,-1.243651,0.807694,2.29201,-3.833775,3.331776,3.026608,1.923213,-1.465465,-1.84884,-3.182565,-1.978902,2.703495,3.659885,0.241445,-4.152342,-3.381153,2.399878,1.67582,-0.701705,1.559113,2.41666,-4.122976,-4.613546,3.368995,2.44123,-0.16478,3.297681,0.078761,1.041894,3388.971556
-4.704089,-1.235298,0.749242,2.33859,-3.793032,3.287067,2.986264,1.918709,-1.467538,-1.896286,-3.194121,-1.988028,2.719707,3.594598,0.24171,-4.136437,-3.475953,2.421338,1.650906,-0.617144,1.586132,2.356055,-4.146415,-4.671492,3.355234,2.401874,-0.11192,3.366004,0.067062,1.115017,3396.87766
4.032659,3.576689,1.663909,-4.244069,-1.163369,-4.745477,0.679257,2.888875,0.927251,-0.768387,0.268282,-2.344668,-3.275132,-1.194332,2.975482,-2.158198,-3.657102,-3.728691,0.471996,2.784113,4.928546,-3.815977,-3.727046,-1.693637,-2.129029,-5.057148,2.797618,1.018365,-4.317462,1.392878,3540.926307
-4.879327,-0.831529,2.431273,1.372546,-5.019278,-1.946024,4.624309,-3.017939,-0.645654,2.757905,-2.152157,0.691597,-0.843163,-4.118577,1.705855,4.256746,3.639882,1.542278,3.009795,1.043218,4.704103,-0.085278,2.15618,4.508943,1.674195,-2.423656,0.406513,0.627441,0.427439,3.825234,3546.680867
-5.094996,0.23493,4.741504,-4.835849,-4.193896,2.863237,0.124742,0.062181,-4.23245,-3.280181,-0.484907,3.635301,-0.958597,3.757242,1.135592,-1.576686,-4.412059,0.539141,4.79829,-0.897918,-3.121522,-3.665745,0.828067,0.436742,0.352232,-0.290863,-1.367404,-2.973723,0.901163,-3.424368,3547.980532
4.002057,3.530693,1.663591,-4.236717,-1.193965,-4.744752,0.637098,2.924641,1.019866,-0.772942,0.246797,-2.306037,-3.242546,-1.13053,3.005898,-2.19549,-3.614492,-3.741261,0.492262,2.827285,4.922932,-3.842274,-3.746768,-1.661519,-2.066399,-5.10024,2.857405,0.940678,-4.327044,1.432943,3559.667563
-5.06918,0.288027,4.711467,-4.829004,-4.165508,2.83576,0.199074,0.076067,-4.292406,-3.313623,-0.493871,3.666391,-0.989585,3.783293,1.142451,-1.571689,-4.41634,0.585178,4.775749,-0.908578,-3.122696,-3.653335,0.863393,0.465915,0.34804,-0.240655,-1.394524,-3.037685,0.906027,-3.432012,3565.9076
3.994375,3.582603,1.69072,-4.277456,-1.180964,-4.791536,0.705362,2.878012,0.964674,-0.71962,0.278924,-2.340084,-3.202037,-1.156508,3.054961,-2.252519,-3.637654,-3.764466,0.416436,2.803856,5.001304,-3.795579,-3.781668,-1.648022,-2.146948,-5.075503,2.83773,0.950761,-4.385127,1.397096,3569.033544
4.195442,-4.154479,-4.180946,4.554381,-3.636192,-1.59295,-1.785147,0.909937,0.089316,3.009457,-0.166163,-0.117535,0.40887,3.514997,2.41404,-0.988537,0.745371,1.88899,1.614067,-3.505351,-3.385587,1.333259,-0.397592,-3.176211,-2.295216,1.276594,3.814072,-2.879098,-2.396838,-4.593134,3577.142046
-4.83149,-0.919627,2.407643,1.411309,-5.027969,-2.021334,4.660197,-3.042701,-0.624032,2.734864,-2.15359,0.71323,-0.919069,-4.161984,1.716688,4.274665,3.591711,1.545282,3.038335,1.103863,4.625553,-0.08321,2.248451,4.557364,1.692694,-2.441767,0.308701,0.674348,0.422144,3.796816,3578.174097
4.158624,-4.168687,-4.133514,4.570662,-3.640103,-1.580125,-1.753527,0.896326,0.021747,2.989035,-0.19169,-0.114789,0.404917,3.575702,2.439159,-0.95619,0.720297,1.873194,1.586698,-3.531284,-3.414928,1.376023,-0.369068,-3.233739,-2.278187,1.302883,3.880158,-2.897784,-2.367316,-4.532531,3578.949246
-5.114478,0.282713,4.73643,-4.862065,-4.122026,2.861967,0.153437,0.068156,-4.297549,-3.346679,-0.450221,3.648663,-0.973546,3.759982,1.160526,-1.553169,-4.466959,0.521184,4.761525,-0.864985,-3.15222,-3.663375,0.892215,0.497596,0.38483,-0.266211,-1.422053,-3.029297,0.909045,-3.469132,3579.907139
-4.883546,-0.839521,2.380634,1.347518,-5.081612,-2.034422,4.701303,-3.030735,-0.644198,2.736248,-2.222021,0.678522,-0.829309,-4.180197,1.72087,4.219592,3.685217,1.60483,3.035011,1.10541,4.687078,-0.090777,2.212936,4.557428,1.681008,-2.392477,0.352897,0.652454,0.454187,3.813964,3584.450583
4.116036,-4.135709,-4.163445,4.585248,-3.611548,-1.578912,-1.787167,0.823283,0.014389,3.038895,-0.109997,-0.203513,0.31182,3.529495,2.432339,-0.953775,0.742574,1.84466,1.622383,-3.565057,-3.450659,1.333294,-0.379485,-3.192955,-2.305448,1.277244,3.845037,-2.960722,-2.357491,-4.603436,3596.180424
2.29413,3.653926,-3.140952,-1.228415,3.888536,3.902552,-0.248792,-4.046314,-1.665238,0.608994,1.171243,3.850716,1.216182,2.113568,3.821697,-0.506015,0.399254,2.926989,0.05847,-4.306064,-1.310305,0.725863,-2.891672,-0.84095,-0.601608,-1.64008,-0.962569,4.497984,-0.291462,3.915894,3599.141077
2.29593,3.669696,-3.093681,-1.227958,3.877819,3.960395,-0.207936,-4.067156,-1.708246,0.608582,1.140381,3.890652,1.161082,2.123668,3.840119,-0.493182,0.334675,2.957517,0.083002,-4.321918,-1.298726,0.761156,-2.888147,-0.844949,-0.610293,-1.642602,-0.976325,4.442205,-0.27254,3.945709,3605.614289
2.327823,3.682699,-3.110972,-1.137087,3.859667,3.946365,-0.271294,-4.077718,-1.643911,0.53797,1.172657,3.874349,1.149963,2.106272,3.854629,-0.493931,0.356995,2.937767,0.064261,-4.317656,-1.329194,0.75407,-2.883204,-0.855454,-0.558784,-1.718201,-1.001338,4.434039,-0.269184,3.977871,3610.605703
2.732192,-0.185671,0.037792,0.173603,-3.369234,-5.089008,4.933438,-3.463833,0.845178,1.9975,-2.585971,-3.004535,3.513558,2.302413,-0.800813,0.826391,4.002341,1.99416,3.823491,1.713441,0.839798,1.146596,1.858993,-4.464313,-4.915274,-2.27634,0.296058,-4.628547,-1.739211,-2.828946,3612.048607
2.705779,-0.200127,0.017139,0.182985,-3.290459,-5.071716,4.978154,-3.407323,0.867679,1.990451,-2.566065,-2.994416,3.530341,2.282391,-0.782502,0.881383,4.01365,1.994901,3.797925,1.679481,0.846826,1.200276,1.893342,-4.427126,-4.974476,-2.271502,0.231896,-4.710113,-1.645721,-2.805197,3612.90647
2.708069,-0.172779,0.094314,0.113022,-3.345515,-5.040405,4.945921,-3.459564,0.848923,2.047861,-2.614347,-3.025237,3.483142,2.344928,-0.758042,0.819539,4.054767,1.99088,3.79741,1.683875,0.909138,1.200183,1.88707,-4.483959,-4.994362,-2.284227,0.231417,-4.640551,-1.694393,-2.836243,3625.20316
-4.940225,-3.002814,3.909098,4.422889,1.536126,0.155892,-2.004503,-0.523215,-2.790682,4.945617,3.165105,0.951997,-3.909652,1.230196,-3.89776,-0.132254,-1.313694,-1.357895,-4.964251,-0.446224,-0.738363,-2.012769,2.078357,-2.545311,-1.700591,-2.841224,-2.949741,-2.766306,-3.989983,-3.336831,3641.823017
-4.927812,-3.041785,3.95394,4.460157,1.606166,0.143117,-2.016445,-0.58731,-2.829494,4.935018,3.103555,0.939485,-3.928411,1.250094,-3.938407,-0.159171,-1.229803,-1.398083,-4.938915,-0.501142,-0.803197,-1.989443,2.051866,-2.535861,-1.661109,-2.804693,-2.94237,-2.776945,-3.899259,-3.355511,3659.261543
2.472971,1.603919,-1.950309,-3.638859,3.057388,4.990866,2.633472,3.311411,1.159758,1.760621,-2.410046,4.356986,3.385547,-1.860117,3.536543,2.092166,-1.607456,-1.637894,-0.413341,2.573251,-3.278142,3.621245,2.688003,2.924236,-1.199749,-0.671742,-4.221105,0.753023,4.903381,-3.942623,3661.001409
-4.950716,-3.027217,3.912913,4.469396,1.609447,0.193648,-1.963167,-0.600601,-2.800315,4.987726,3.10097,0.926021,-3.940996,1.283104,-3.954831,-0.195878,-1.276325,-1.359249,-4.965806,-0.479065,-0.724754,-2.040194,2.138724,-2.555988,-1.662285,-2.786058,-2.93473,-2.775596,-3.947287,-3.34017,3663.110661
2.509493,1.560903,-1.988351,-3.615733,2.974208,4.93462,2.61673,3.347543,1.143473,1.79714,-2.413684,4.366792,3.47839,-1.927827,3.501803,2.07604,-1.590075,-1.604361,-0.504134,2.592624,-3.277983,3.611806,2.719074,2.944954,-1.157661,-0.711435,-4.206594,0.772461,4.855317,-3.926536,3664.726341
2.53519,1.601818,-1.954781,-3.686193,2.984904,4.981915,2.619482,3.322447,1.221322,1.810605,-2.437632,4.320834,3.471549,-1.93265,3.526478,2.120244,-1.536023,-1.582723,-0.441499,2.628677,-3.31386,3.600793,2.729095,2.909766,-1.227625,-0.646032,-4.294792,0.781297,4.849858,-3.978282,3689.117641
-0.749901,3.116137,2.901946,-0.517164,-1.877477,0.624732,3.105168,-3.986464,2.04219,3.580839,1.633999,-4.645932,-0.331923,5.019572,0.407881,1.710279,5.067199,-0.88208,-0.967437,2.263174,-3.851623,0.663474,2.415225,-2.62913,4.72325,-4.971412,1.396278,1.746413,-1.956077,-3.716025,3716.721165
-0.754447,3.09735,2.879387,-0.602432,-1.870772,0.626289,3.090319,-3.987508,2.027082,3.565886,1.620331,-4.622296,-0.353199,5.061418,0.407048,1.711445,5.026135,-0.851265,-0.940025,2.337049,-3.797292,0.644435,2.366895,-2.5638,4.799002,-4.956973,1.37579,1.781722,-1.974285,-3.761473,3721.451163
0.593317,-2.435268,-5.058221,0.652149,-0.319322,0.533399,1.576778,1.028114,-3.408263,-2.230157,0.832193,-4.018037,-2.676872,2.161476,-3.515469,2.909175,-3.498004,2.073777,3.980935,-3.832982,-2.190157,-0.140573,-1.84877,-3.628182,1.309004,1.499887,-4.372001,-1.577117,-0.098528,4.124571,3724.464183
-0.732656,3.147236,2.883661,-0.548138,-1.878014,0.614989,3.074846,-3.913132,1.988133,3.559959,1.638191,-4.649974,-0.390214,5.052938,0.364324,1.65075,5.057743,-0.857036,-0.929944,2.284131,-3.865585,0.687979,2.424031,-2.598855,4.724549,-4.993519,1.350323,1.821693,-1.987951,-3.765832,3725.246045
0.599943,-2.356409,-5.0488,0.668669,-0.320343,0.587969,1.538591,1.05581,-3.395729,-2.243816,0.852628,-4.070369,-2.711309,2.218256,-3.487261,2.901364,-3.534467,2.082396,3.917274,-3.858426,-2.196319,-0.19307,-1.876543,-3.625174,1.231705,1.486131,-4.373901,-1.580218,-0.061532,4.161736,3741.547938
0.582383,-2.435983,-5.077051,0.651635,-0.345831,0.574169,1.620893,1.050322,-3.431784,-2.205725,0.862399,-4.037765,-2.684754,2.153471,-3.497211,2.90879,-3.552811,2.058323,3.982828,-3.878632,-2.226783,-0.106416,-1.864461,-3.595562,1.329674,1.436353,-4.353878,-1.582303,-0.085183,4.172394,3743.439367
-4.479863,1.248277,-0.471234,-4.962296,-1.689804,2.540398,1.86218,-2.474134,-2.984904,-3.094382,-0.946704,4.449053,-2.765587,0.033654,-1.202995,-4.337096,3.891965,-2.006757,-3.521812,-2.468656,-4.102623,-3.942882,3.236703,-0.234474,-1.775012,3.46105,0.618261,-3.250416,2.124892,-4.016416,3773.686442
-4.50434,1.312659,-0.495054,-4.978555,-1.648992,2.525534,1.912972,-2.535323,-3.052398,-3.076105,-0.957413,4.408195,-2.771645,0.054539,-1.138171,-4.351136,3.986838,-1.963642,-3.581964,-2.541979,-4.197726,-3.90444,3.229425,-0.266809,-1.842449,3.426976,0.645324,-3.230265,2.137226,-4.043332,3783.307212
-2.994035,0.548353,-2.147171,-1.352112,3.361071,-4.556461,-0.133321,-1.397561,-2.271472,0.996195,2.577254,-5.030671,-0.634141,1.411021,-3.737641,4.457937,2.116143,-4.17703,-3.961203,0.42806,-5.065983,5.004164,2.030341,0.162847,0.917621,4.31752,0.163237,1.87864,2.492207,-0.568612,3817.153782
-4.41451,1.319064,-0.450388,-5.007962,-1.679686,2.53664,1.910276,-2.47051,-2.99909,-3.110146,-0.989333,4.425808,-2.794216,0.026341,-1.136801,-4.397065,3.952946,-2.0262,-3.511847,-2.518366,-4.171097,-3.97789,3.238222,-0.266755,-1.803671,3.432771,0.708459,-3.258301,2.081207,-4.082155,3817.467445
-3.040071,0.553886,-2.147401,-1.346596,3.32084,-4.525186,-0.119311,-1.373255,-2.349341,0.961533,2.595894,-5.111726,-0.657301,1.349752,-3.729434,4.438404,2.103967,-4.128424,-3.984383,0.489724,-5.068593,4.947436,2.026599,0.133379,0.89637,4.390941,0.149488,1.903278,2.487608,-0.603231,3823.44853
-3.015282,0.587578,-2.107045,-1.426976,3.287095,-4.562929,-0.121023,-1.425607,-2.287947,1.011509,2.601564,-5.028419,-0.658709,1.340885,-3.788742,4.493524,2.083824,-4.187414,-3.931153,0.436626,-5.099752,4.976587,2.04592,0.154648,0.867493,4.386199,0.111297,1.863736,2.54536,-0.603723,3838.893418
3.951763,-1.84739,1.559944,4.853084,3.275138,-4.998677,3.548012,-3.812705,2.902387,-1.322285,4.813555,-1.582013,5.061319,2.804619,-1.520946,-0.637278,-3.990389,-2.172909,-5.102126,-1.906112,-1.463003,-3.539486,-1.604065,4.457059,-0.128324,1.894319,2.495277,0.451256,-0.678377,-1.206166,3858.13812
3.96162,-1.938592,1.537448,4.877061,3.249165,-4.924164,3.578318,-3.876928,2.898394,-1.292951,4.883635,-1.579095,5.02029,2.768724,-1.438959,-0.662736,-3.982204,-2.214642,-5.088487,-1.935648,-1.508471,-3.509462,-1.570502,4.493157,-0.151757,1.853806,2.542374,0.492528,-0.621074,-1.184362,3862.593575
3.932306,-1.874403,1.637067,4.863726,3.224594,-5.008931,3.551613,-3.835142,2.916229,-1.264459,4.905661,-1.559085,5.110059,2.785297,-1.514506,-0.649035,-3.931451,-2.237633,-5.095023,-1.868747,-1.520011,-3.548381,-1.624272,4.411074,-0.153626,1.855433,2.541632,0.447525,-0.667952,-1.126732,3872.741525
-3.693794,-2.579208,-3.609278,-1.540876,3.424206,-0.929376,-1.017317,5.093497,-4.953321,-4.118882,-0.5757,1.857153,3.874575,-2.040807,4.284472,0.663092,-4.371375,-1.106876,-3.878976,2.918264,-1.792458,-0.480094,4.93574,3.69895,4.111947,-2.212325,4.192592,-0.564103,-2.904143,2.671264,3903.546401
4.64827,-2.847757,4.91639,-2.796178,0.770213,2.19703,-0.319095,2.747142,-2.764144,1.133797,-4.819506,3.996011,-1.13846,-4.332133,-4.342924,0.419647,-0.502892,0.066478,-1.639413,3.051104,-0.344082,1.665975,-2.824375,3.587404,1.902488,-2.549976,-3.146963,-1.122398,0.23293,1.930974,3912.698971
-0.258745,4.114101,0.578007,-0.434106,1.395511,2.382407,1.955221,-1.48873,2.718248,-1.443821,4.733313,-2.781103,-1.030219,-2.496698,-2.488618,-4.538978,-4.125151,1.255467,0.681482,3.923816,4.123402,4.317465,1.249027,-2.075906,-4.307602,4.745053,-1.61168,3.407934,-2.813842,0.417977,3915.345025
4.656534,-2.828204,4.921182,-2.797216,0.752803,2.183279,-0.405683,2.737231,-2.740007,1.208774,-4.813727,4.038098,-1.215278,-4.366581,-4.335637,0.442107,-0.417767,0.085237,-1.733348,3.009477,-0.334343,1.708762,-2.819164,3.588089,1.926744,-2.521268,-3.082385,-1.072831,0.230611,1.932642,3916.196948
-2.778054,-4.33111,2.792456,-1.527104,-3.570733,-2.788755,2.510384,-0.719483,-1.928026,-0.139817,-5.079069,1.537494,4.206229,1.575632,-3.818513,1.093125,-2.883608,-3.431222,-0.729358,-2.367672,0.744266,-4.164869,0.803759,-5.109161,0.150225,0.516744,3.219259,-1.862986,-4.128778,0.237612,3917.707957
3.397334,-3.869439,-0.699407,1.93536,-2.8632,-2.235607,-5.070495,4.672405,-0.448359,1.48498,3.383046,-0.381138,0.6553,0.603271,-4.696977,-0.09689,0.034584,-1.743052,4.833755,5.046717,-3.779592,2.499712,3.42949,-2.387803,-2.707939,2.806042,-1.923351,4.507568,3.160524,1.702804,3926.37515
-3.765309,-2.627329,-3.679694,-1.634635,3.458785,-1.011747,-0.937882,5.097617,-4.928258,-4.170146,-0.56671,1.844988,3.873694,-1.968502,4.292451,0.713463,-4.32658,-1.075712,-3.87213,2.927593,-1.803576,-0.448443,4.963655,3.688386,4.159563,-2.207244,4.109669,-0.529687,-2.888132,2.698357,3927.008379
-3.787749,-2.630364,-3.660438,-1.5795,3.404796,-0.976664,-1.001559,5.108078,-4.974329,-4.195115,-0.546761,1.847273,3.88304,-1.962755,4.199056,0.667519,-4.336904,-1.111196,-3.83681,2.903432,-1.75602,-0.498831,5.013864,3.753067,4.139864,-2.185819,4.115196,-0.522931,-2.912921,2.760234,3934.790172
-2.822895,-4.360526,2.815835,-1.521924,-3.537608,-2.850996,2.493902,-0.795738,-1.929549,-0.133167,-5.0675,1.551732,4.256906,1.54156,-3.795272,1.033463,-2.874578,-3.47888,-0.81362,-2.43776,0.768796,-4.121006,0.751121,-5.119061,0.156796,0.570009,3.207545,-1.847065,-4.139649,0.280326,3935.60708
-2.826698,-4.330163,2.857933,-1.4846,-3.57458,-2.780253,2.508757,-0.793699,-1.901104,-0.15372,-5.093744,1.55711,4.262119,1.620257,-3.803081,1.075649,-2.934236,-3.391519,-0.755894,-2.418753,0.719957,-4.103307,0.75358,-5.112693,0.153654,0.555293,3.217379,-1.902642,-4.126573,0.2832,3936.42417
-2.729933,-2.062702,2.081155,5.090358,-0.084843,2.583741,-0.8652,4.739239,0.607432,-0.548792,-3.731018,-4.852643,-4.372506,-1.784342,4.527988,-3.223477,-2.865878,2.779767,0.526311,0.78947,-0.061176,3.083037,-2.384089,-2.257761,3.463479,2.013279,1.52008,-3.513758,0.545435,-2.763974,3939.533525
4.6765,-2.794938,4.965948,-2.790364,0.788008,2.245269,-0.372537,2.730295,-2.749309,1.228259,-4.846311,4.054342,-1.158337,-4.352495,-4.327792,0.414548,-0.502526,0.020866,-1.650728,3.002089,-0.380375,1.68304,-2.856036,3.630519,1.924302,-2.556473,-3.072221,-1.099125,0.216048,1.880491,3939.733818
3.431776,-3.845387,-0.671727,1.904561,-2.776974,-2.208701,-5.077815,4.635975,-0.429999,1.519491,3.383481,-0.393823,0.619823,0.52504,-4.673193,-0.010317,0.084414,-1.841071,4.877203,5.080615,-3.782199,2.470454,3.392895,-2.398657,-2.692086,2.843199,-1.911827,4.573138,3.095401,1.727378,3943.553935
3.443973,-3.840612,-0.628797,1.844185,-2.765519,-2.218,-5.066115,4.703669,-0.438402,1.462296,3.469086,-0.313088,0.620537,0.604771,-4.668103,-0.021109,0.067576,-1.795518,4.866849,5.028017,-3.758912,2.503781,3.418631,-2.437278,-2.746375,2.852376,-1.911429,4.565276,3.108998,1.694464,3944.551313
-0.290678,4.096037,0.514959,-0.429919,1.372903,2.400388,1.980244,-1.467877,2.742197,-1.514086,4.739977,-2.786356,-1.027889,-2.519453,-2.480171,-4.572989,-4.146301,1.286354,0.715889,3.911765,4.140102,4.372126,1.313843,-2.101176,-4.37592,4.722661,-1.60506,3.429794,-2.77234,0.496722,3945.277946
-2.750839,-2.096894,2.126171,5.039142,-0.074352,2.597188,-0.902008,4.742518,0.549018,-0.558651,-3.732456,-4.884551,-4.394375,-1.773239,4.506014,-3.18921,-2.849732,2.779613,0.582519,0.797757,-0.031279,3.125548,-2.453042,-2.276387,3.425936,1.952386,1.473546,-3.551333,0.548055,-2.739711,3948.486614
-0.846315,-1.601045,-3.222414,3.200609,2.166101,-0.421379,-5.004457,-1.288649,0.107325,-0.888648,-4.468767,0.452026,-0.008211,3.144052,-2.438653,2.605265,-0.937304,4.802047,-3.038826,-2.236681,1.810999,-2.812501,2.865093,-3.738772,-4.258838,-1.743555,1.885114,-1.680509,3.186751,4.779326,3976.102001
-0.871778,-1.624503,-3.26115,3.266503,2.240843,-0.41502,-4.950069,-1.286014,0.163989,-0.902598,-4.461467,0.509833,-0.026018,3.1486,-2.380567,2.622986,-0.936507,4.785553,-3.043397,-2.222954,1.769486,-2.808251,2.848785,-3.737313,-4.254085,-1.771705,1.865772,-1.656623,3.176818,4.783434,3976.331846
-0.222624,4.185363,0.596664,-0.488866,1.367707,2.437473,1.984422,-1.476381,2.711356,-1.528756,4.79323,-2.789569,-1.117559,-2.517702,-2.504029,-4.59388,-4.108058,1.329488,0.688703,3.952051,4.129281,4.353355,1.323251,-2.088899,-4.313241,4.754652,-1.585934,3.413838,-2.794627,0.410087,3979.773408
-2.692513,-2.08973,2.105744,5.112996,-0.071172,2.624376,-0.835058,4.785756,0.562432,-0.527617,-3.786423,-4.825121,-4.37548,-1.767763,4.59994,-3.185252,-2.789071,2.828395,0.590037,0.794511,-0.011164,3.100084,-2.377782,-2.326169,3.457419,2.012003,1.469148,-3.553316,0.524384,-2.758159,3982.772732
-0.884453,-1.587062,-3.205726,3.175234,2.226045,-0.488162,-4.997491,-1.318945,0.183844,-0.841683,-4.440789,0.477543,-0.070963,3.074236,-2.45581,2.603001,-1.022453,4.809303,-3.016781,-2.214171,1.833509,-2.806609,2.836417,-3.782076,-4.27955,-1.840425,1.913208,-1.733844,3.260145,4.770928,3986.130761
2.227602,-0.632509,-4.354151,-0.742925,5.060931,-3.691685,3.305268,-4.275284,-1.311427,4.771481,3.314474,4.946204,1.738827,4.625105,3.206839,-3.151198,-0.580212,-1.915138,4.683985,1.52676,3.899046,1.798494,4.775405,0.280428,0.56654,0.388796,-0.373561,-1.353746,2.027517,2.182243,4010.212622
2.249509,-0.682691,-4.340626,-0.781373,5.072796,-3.690389,3.310621,-4.231985,-1.231856,4.776042,3.317194,4.979737,1.726363,4.685531,3.193708,-3.140072,-0.544398,-1.937131,4.696312,1.53185,3.969362,1.770892,4.713636,0.240045,0.598394,0.347796,-0.400565,-1.40617,1.98824,2.171903,4016.979818
2.171378,-0.707105,-4.339969,-0.765343,5.091182,-3.729731,3.287779,-4.294727,-1.317846,4.796774,3.284797,4.953183,1.736434,4.694451,3.180475,-3.150032,-0.53317,-1.889058,4.65583,1.482569,3.955692,1.833416,4.748503,0.302994,0.542704,0.38548,-0.381803,-1.339066,1.947957,2.18205,4018.620351
-1.36261,-0.309276,4.224102,3.103121,4.581405,1.138978,-4.224244,3.106395,-3.241378,2.175375,3.59293,1.973552,1.453316,4.121458,3.076967,0.73391,-3.075595,-2.990431,2.367516,2.147309,-2.285512,-1.208988,-3.558013,-0.666596,-4.555757,2.248439,2.138966,-4.934031,1.085482,2.575174,4033.62154
3.318269,-0.214821,-3.526744,-3.72207,3.135846,-3.647519,0.085651,1.617013,-0.921454,3.827565,0.703591,-2.676479,-2.981333,0.972236,-4.603989,-3.391893,-3.795611,3.394528,2.154999,-0.038714,2.593495,3.214564,4.144055,-0.471129,-2.017939,-3.233681,-4.116939,-5.104339,-2.615497,1.755486,4043.708095
3.309372,-0.259519,-3.496562,-3.693622,3.078551,-3.623442,0.095948,1.574378,-0.843015,3.80129,0.655517,-2.750267,-2.973432,0.999061,-4.530835,-3.466528,-3.862334,3.430827,2.188025,-0.037566,2.644028,3.262455,4.150219,-0.47756,-2.03582,-3.22987,-4.109921,-5.116606,-2.579677,1.793657,4046.408327
-1.237181,1.903825,2.693018,1.433654,-3.020062,0.980399,-4.899339,-0.325944,-3.626999,-1.653926,-4.24869,0.835047,-3.423492,4.851332,-2.997598,-0.885608,-4.837657,2.488757,-0.178029,-3.951673,-0.223096,1.845294,-3.469495,-1.274366,4.650739,5.076953,-3.70284,-1.266375,2.883313,-2.036797,4048.846768
-1.36774,-0.347153,4.229781,3.077878,4.529658,1.147394,-4.259197,3.169364,-3.177473,2.20712,3.625458,1.950659,1.471943,4.097674,3.1659,0.729281,-3.100725,-3.005648,2.368495,2.135954,-2.269141,-1.197323,-3.533799,-0.622754,-4.528911,2.182359,2.105753,-4.977013,1.076843,2.643357,4054.134632
3.312128,-0.272713,-3.55805,-3.78603,3.11055,-3.653173,0.055451,1.564534,-0.829525,3.850396,0.69892,-2.662569,-3.039598,1.000507,-4.597221,-3.422781,-3.80123,3.40206,2.250737,-0.095841,2.658269,3.198407,4.195791,-0.489613,-1.960421,-3.203087,-4.170698,-5.088163,-2.588467,1.784061,4057.945162
-1.408565,-0.339445,4.255075,3.163697,4.536159,1.209677,-4.297486,3.079456,-3.247462,2.184055,3.662362,2.023527,1.534685,4.118794,3.111207,0.816249,-3.156316,-2.991156,2.357878,2.051514,-2.288436,-1.159153,-3.492614,-0.630904,-4.560841,2.160972,2.089044,-4.95172,1.119776,2.610482,4059.163229
-1.309884,1.87636,2.752228,1.442023,-3.007983,0.997255,-4.877446,-0.34824,-3.665361,-1.650777,-4.274612,0.894987,-3.439598,4.874735,-3.041903,-0.905093,-4.885793,2.46447,-0.172353,-3.94439,-0.302493,1.880309,-3.424482,-1.312436,4.63445,5.07627,-3.744764,-1.291974,2.884526,-2.03672,4083.022317
-1.281283,1.911988,2.748268,1.521478,-2.987174,0.942191,-4.881237,-0.386106,-3.666094,-1.655802,-4.23819,0.919868,-3.433571,4.832346,-3.04926,-0.847234,-4.838995,2.515956,-0.163809,-3.96949,-0.21464,1.943512,-3.480172,-1.279262,4.700952,5.094312,-3.707838,-1.268485,2.88346,-1.99914,4083.428443
0.074787,2.12821,3.12394,3.876871,-1.962215,-1.35578,-1.057867,3.587979,4.320003,-3.691336,-1.656966,2.648043,-4.113532,-3.532025,0.95554,-0.522164,4.470982,-3.337481,1.116029,-4.262478,4.408538,3.441247,-0.623516,2.338084,1.166079,-1.939124,-2.442017,-2.153894,3.835393,4.207606,4099.943232
0.088642,2.087458,3.080854,3.832395,-1.968711,-1.421064,-1.08501,3.658692,4.362216,-3.76784,-1.659635,2.634228,-4.125247,-3.505208,1.00961,-0.588991,4.491094,-3.333991,1.050934,-4.237998,4.422311,3.382678,-0.640438,2.306544,1.162452,-1.930299,-2.387508,-2.233035,3.796115,4.239331,4105.83962
0.095484,2.077723,3.156102,3.809186,-1.946228,-1.400286,-1.048095,3.611408,4.317495,-3.722822,-1.729766,2.586721,-4.099832,-3.510065,0.973451,-0.548465,4.4967,-3.302834,1.074201,-4.262761,4.464521,3.403507,-0.626788,2.347387,1.225135,-1.915524,-2.386358,-2.221424,3.808068,4.270655,4109.842956
1.266037,-1.017432,-2.285119,-2.956173,-3.705773,-3.999272,1.194682,2.294521,-2.03837,-4.609671,2.410083,4.849657,-1.412397,-3.407527,1.239991,-2.306208,4.37545,0.973958,1.396829,1.127418,3.147526,3.319297,-1.111139,4.718342,-4.024313,-4.060402,-3.211995,-2.044527,-2.73494,3.66893,4117.645763
4.757208,-2.316651,-4.508769,-3.19944,2.298619,5.065024,-2.359959,-0.70964,1.074034,3.324111,2.696259,3.220426,-0.61113,-2.677227,-2.332268,2.237858,3.315263,1.451188,-2.308593,-4.127402,0.186647,0.867934,0.254056,-4.534907,-4.177023,4.08873,-4.930073,1.670792,-2.994292,0.048845,4123.75086
1.3021,-1.003183,-2.348533,-2.881574,-3.763191,-4.015812,1.201641,2.305853,-1.991409,-4.635143,2.362707,4.885976,-1.42113,-3.44635,1.315464,-2.289838,4.38574,0.944249,1.369244,1.199299,3.117887,3.300302,-1.030645,4.779405,-4.043871,-4.057826,-3.229547,-1.979782,-2.752664,3.58594,4132.183453
1.286354,-0.932052,-2.28928,-2.951459,-3.690702,-4.012923,1.129695,2.292618,-2.039486,-4.632976,2.405567,4.866616,-1.369494,-3.424542,1.246052,-2.267504,4.349944,0.942953,1.423337,1.225935,3.149497,3.343022,-1.096624,4.782195,-4.037453,-4.074593,-3.192896,-1.961924,-2.70625,3.672622,4133.97285
4.795321,-2.348525,-4.602066,-3.174583,2.265117,5.045932,-2.440259,-0.698049,1.038536,3.365112,2.759233,3.194207,-0.546726,-2.704718,-2.286018,2.210822,3.311999,1.441235,-2.314061,-4.09631,0.1415,0.85062,0.215201,-4.533108,-4.117671,4.055384,-4.926022,1.739831,-3.033131,0.048844,4144.471472
1.635492,-3.408295,-1.528408,-3.550374,4.255635,-4.852747,-0.638286,4.02397,-3.883953,-2.909406,4.645083,-0.630802,-1.758593,0.633147,2.171361,3.796189,4.202549,-0.246818,0.146153,3.176985,0.022406,2.870618,-1.738324,3.143192,-0.387785,3.627591,1.588668,-0.748884,2.366841,5.059039,4149.187518
4.790253,-2.290415,-4.559401,-3.180926,2.295039,5.090929,-2.423298,-0.695332,1.112675,3.334017,2.696115,3.194277,-0.585361,-2.703044,-2.300061,2.243494,3.285797,1.467482,-2.321162,-4.165816,0.126782,0.839193,0.292903,-4.516051,-4.153654,4.069907,-5.008517,1.710714,-2.973798,0.086872,4149.951357
-1.63717,3.737287,3.70744,0.54971,-2.61306,-0.060361,2.684994,-0.242572,2.467704,-2.68859,4.09711,-2.464511,0.512107,-1.039719,-1.294292,-3.642239,-0.14097,-4.902713,-2.016145,-3.05798,-4.59602,-4.804681,4.357034,-2.191685,1.477775,-3.874513,-4.631523,2.052737,-2.322857,-2.293235,4154.692418
-1.605213,3.73036,3.755116,0.534397,-2.599053,-0.075685,2.723118,-0.285885,2.471802,-2.751077,4.114323,-2.478789,0.564949,-1.102404,-1.234946,-3.621296,-0.178741,-4.887627,-2.028498,-3.031632,-4.523655,-4.762757,4.308759,-2.23922,1.520702,-3.831097,-4.674041,2.088857,-2.287698,-2.315412,4158.446375
-1.537755,3.742704,3.761684,0.585275,-2.603445,-0.061286,2.665379,-0.267462,2.472956,-2.664918,4.173557,-2.547806,0.544712,-1.068192,-1.272447,-3.63964,-0.105443,-4.853011,-1.972272,-3.019688,-4.537936,-4.738039,4.312116,-2.214782,1.528223,-3.880482,-4.693274,2.063008,-2.268984,-2.336751,4158.580457
-2.24199,4.915169,2.221932,-2.658353,-4.520628,-3.046792,4.565985,-4.920625,1.790622,0.273414,-4.666578,0.267873,0.049468,4.413135,0.644722,5.037898,-3.243303,1.428986,-2.733352,3.538245,-1.715241,-2.870601,2.280533,2.128584,-4.442994,-0.311946,-4.044292,-3.11735,0.369896,-1.568926,4161.29512
-2.200421,4.823758,2.160345,-2.630668,-4.592539,-2.99293,4.574225,-4.972827,1.803881,0.22403,-4.654492,0.300968,0.075238,4.455351,0.672165,5.060212,-3.212648,1.420581,-2.695999,3.48494,-1.695923,-2.937464,2.337514,2.146386,-4.460905,-0.321642,-4.062691,-3.099709,0.317405,-1.553652,4165.637369
1.543553,-3.473803,-1.518064,-3.564171,4.29643,-4.854036,-0.616186,4.037073,-3.888788,-2.886315,4.610256,-0.636623,-1.778512,0.666068,2.192001,3.85278,4.296942,-0.237303,0.161951,3.184002,0.073556,2.937712,-1.680793,3.106231,-0.377491,3.679327,1.570446,-0.752162,2.40922,5.024046,4168.458154
-2.250574,4.891243,2.239448,-2.581112,-4.526273,-2.989398,4.562147,-4.963787,1.751142,0.273675,-4.677509,0.267108,0.083044,4.470882,0.630751,5.080314,-3.216809,1.354127,-2.68339,3.483393,-1.660362,-2.915041,2.335239,2.132994,-4.431609,-0.356995,-4.065703,-3.168004,0.366883,-1.555786,4181.212285
-3.32374,3.225703,-0.847991,0.366501,-3.433551,-1.26412,4.871326,1.643274,-4.104396,2.052624,0.426369,-4.929682,-1.245576,-0.418348,-2.593119,1.448413,-2.264602,-2.049573,-4.433517,-4.881156,4.862572,2.589643,-2.057048,4.163805,-3.442972,0.886602,2.970561,4.726665,2.580108,2.79275,4191.291043
1.556345,-3.399132,-1.438697,-3.551088,4.2802,-4.879937,-0.641047,4.066327,-3.792862,-2.938096,4.706472,-0.642249,-1.74582,0.696815,2.21587,3.860726,4.289875,-0.27088,0.129174,3.244163,0.055924,2.964056,-1.693631,3.138592,-0.386071,3.630708,1.567222,-0.795703,2.38652,5.074326,4197.463543
0.429849,0.483221,3.300358,-4.030814,-0.306724,1.477046,0.717029,-0.989813,-5.058098,2.318672,-2.841359,4.142834,-2.154466,0.219564,-0.404819,4.882165,2.855387,0.878311,-2.629221,3.145335,1.124368,4.266019,-2.538451,1.110758,3.739063,3.900242,4.974665,4.319519,4.391414,1.006447,4209.943196
0.420959,0.489415,3.279861,-4.030285,-0.301775,1.505998,0.786992,-0.949548,-5.109498,2.304434,-2.823077,4.101086,-2.21648,0.305472,-0.333774,4.886566,2.801683,0.907395,-2.612089,3.142132,1.086631,4.207169,-2.499775,1.091729,3.739752,3.988887,4.981937,4.322875,4.374667,0.937308,4213.636098
0.280339,3.427039,0.453537,-0.113074,-1.54579,0.491775,4.082182,2.121722,5.06568,-2.829642,1.95122,0.102256,-3.527153,-2.076024,3.413916,-4.020517,3.188077,3.061334,4.196693,-0.200663,4.213535,-2.674899,-4.313484,3.318468,3.057236,-4.878388,-2.034833,2.263039,1.387282,-4.453455,4223.91331
0.509929,0.43565,3.283775,-4.032225,-0.280382,1.485374,0.777408,-0.936098,-5.110088,2.342972,-2.865173,4.164715,-2.2299,0.296955,-0.351479,4.875947,2.840646,0.868669,-2.633811,3.087597,1.057132,4.270439,-2.479524,1.043884,3.739821,3.958219,4.959175,4.36035,4.307463,0.921968,4225.153629
0.28948,3.408811,0.42536,-0.124768,-1.574159,0.43777,4.062521,2.048639,5.053226,-2.860279,1.947917,0.008062,-3.508749,-2.053114,3.390569,-4.067589,3.247421,3.055265,4.147955,-0.114702,4.289819,-2.751408,-4.355191,3.315123,3.060966,-4.84663,-1.969027,2.301534,1.373554,-4.47051,4228.173119
0.257408,3.435014,0.505965,-0.183291,-1.604345,0.418769,4.07643,2.052112,5.050081,-2.797033,2.032705,0.066897,-3.521321,-2.065641,3.447774,-3.995661,3.271852,3.064788,4.137511,-0.131728,4.249608,-2.663893,-4.323152,3.283181,3.071412,-4.897185,-2.041233,2.331591,1.386362,-4.477714,4235.465737
-3.278133,3.275004,-0.900923,0.361193,-3.473526,-1.319372,4.858892,1.723823,-4.11581,2.118088,0.501609,-5.013722,-1.289414,-0.43993,-2.575987,1.458386,-2.270774,-2.148742,-4.479281,-4.893573,4.816256,2.620108,-2.147916,4.096989,-3.410959,0.911556,2.99632,4.735136,2.596484,2.854518,4239.480695
-3.324746,3.260864,-0.8799,0.329997,-3.479211,-1.326119,4.901717,1.731207,-4.15992,2.067311,0.487825,-4.969031,-1.304126,-0.411421,-2.588312,1.50748,-2.255283,-2.120663,-4.476933,-4.844924,4.836148,2.631661,-2.102574,4.116638,-3.381223,0.90166,3.024687,4.749668,2.644672,2.845767,4241.22848
4.323075,4.081523,1.025984,3.623135,-0.66456,2.1227,0.344759,-2.703652,-4.693948,-3.855117,2.816785,3.75134,2.660536,4.215347,-3.667777,0.077557,0.588856,4.550732,-2.447694,1.355337,3.445523,3.581856,1.46626,-3.912212,0.05383,0.469519,2.35903,3.626239,4.167007,-2.061602,4288.44426
4.326463,4.027895,1.125471,3.631466,-0.664064,2.102052,0.363089,-2.672111,-4.621394,-3.845971,2.833375,3.757461,2.641015,4.287515,-3.669883,0.093537,0.527765,4.556711,-2.411631,1.424855,3.468985,3.518547,1.513778,-3.899827,0.093155,0.450061,2.412538,3.638774,4.155195,-2.136133,4295.762423
4.369612,4.094278,1.112356,3.591999,-0.665042,2.114678,0.391891,-2.707617,-4.6133,-3.855559,2.814686,3.728236,2.641196,4.252537,-3.661424,0.089785,0.515826,4.564198,-2.44806,1.385604,3.410281,3.529591,1.502181,-3.95631,0.050153,0.446652,2.446284,3.651067,4.162101,-2.142435,4306.268973
-0.095095,-4.778234,1.158607,-3.132279,-2.732067,-0.2667,-3.65603,-1.774387,-4.910739,4.151567,-4.354432,2.072993,2.870348,1.76357,-3.08465,3.227153,1.313889,-0.614307,-1.869004,-1.290176,-2.365828,-4.945367,-0.796115,4.255473,1.360435,4.161407,-2.346208,2.70164,-2.135557,1.441513,4320.938475
-0.704388,-4.528461,-1.932402,2.251704,-0.731516,4.502309,-4.516552,-2.929779,-0.107302,-4.064188,-0.718907,-4.723939,-1.948844,-1.420732,-4.277196,-0.211211,-2.036577,-4.765519,2.144908,-4.002618,1.967323,2.780545,-3.638376,-2.718391,2.813277,-3.973861,0.44313,-3.596266,-0.585105,1.190375,4327.51436
-0.627316,-4.510269,-1.860853,2.154261,-0.751854,4.458089,-4.57338,-2.9351,-0.125215,-4.088096,-0.74291,-4.788811,-2.035724,-1.339503,-4.27513,-0.253833,-1.948345,-4.711159,2.134231,-4.001652,2.007555,2.77406,-3.651512,-2.685325,2.772708,-3.971023,0.511454,-3.684178,-0.566149,1.164032,4331.051251
-0.075178,-4.73948,1.218971,-3.080554,-2.670289,-0.241008,-3.673017,-1.741569,-4.815779,4.129264,-4.326916,2.147494,2.955823,1.749224,-3.149356,3.273491,1.281138,-0.607238,-1.86316,-1.291053,-2.357125,-4.936994,-0.761625,4.299885,1.350628,4.190005,-2.311393,2.683676,-2.051639,1.505516,4334.467702
-0.707892,-4.520402,-1.858421,2.165985,-0.773077,4.408763,-4.585379,-2.905037,-0.143967,-4.055457,-0.804825,-4.808521,-1.960678,-1.384686,-4.264579,-0.291364,-1.954549,-4.760773,2.115544,-4.093352,2.01299,2.778784,-3.650888,-2.712519,2.833254,-3.905275,0.42715,-3.658183,-0.533829,1.226784,4343.97049
-0.076989,-4.7626,1.221664,-3.126459,-2.709195,-0.278895,-3.612318,-1.836243,-4.909719,4.167,-4.345011,2.068228,2.948535,1.764795,-3.16329,3.243213,1.325257,-0.568456,-1.929518,-1.237815,-2.452393,-4.945498,-0.719991,4.295367,1.393699,4.143134,-2.328499,2.753093,-2.103037,1.480359,4354.03812
-1.029976,1.167904,-0.180824,-1.919675,0.842199,3.50088,3.648435,-3.588571,3.100198,1.291136,5.000372,0.188766,3.305131,3.400051,3.76143,-3.889239,-3.297013,2.747563,3.112502,4.926629,0.463486,-2.583307,0.339235,4.849792,-3.319086,-1.070702,4.31942,-0.895127,-1.00593,-3.118364,4365.208341
-1.028873,1.175431,-0.153409,-1.865889,0.854328,3.552421,3.60499,-3.656335,3.156124,1.301864,4.922412,0.119624,3.334863,3.387959,3.759869,-3.886442,-3.329964,2.760781,3.092834,4.941066,0.458064,-2.639306,0.401468,4.813904,-3.300115,-1.116918,4.309062,-0.838339,-0.992706,-3.158236,4370.669116
2.795185,4.728968,0.323424,-1.665875,0.018361,3.872467,-4.111551,3.707006,-4.37953,-3.897867,-3.526791,-0.101131,3.91179,-4.404164,0.776539,2.510792,2.248053,-3.193889,4.415637,2.388621,-0.625552,3.02361,-4.67764,0.848511,3.134884,-3.073594,2.890714,-1.145298,3.579751,4.914196,4376.380897
-1.125239,1.206226,-0.169422,-1.910481,0.864976,3.508423,3.683642,-3.644132,3.174248,1.250961,4.964766,0.159714,3.345909,3.457251,3.755367,-3.795842,-3.300097,2.753553,3.129225,4.969838,0.438275,-2.592333,0.389038,4.863103,-3.32399,-1.024221,4.386127,-0.863426,-0.937052,-3.130166,4389.357514
1.492612,-4.661495,-3.842679,1.163767,3.675135,-0.152585,-3.488114,-1.02737,-4.50654,-2.622555,-2.924658,-3.432283,-2.478609,-3.372114,4.863529,1.961189,4.108696,-4.528404,-4.198874,4.428262,0.326034,-3.068237,-4.857944,-0.719241,-3.8012,1.032064,-2.586924,-0.245442,4.428945,1.551144,4390.381743
-4.579497,0.884481,3.420583,-3.393542,-0.417823,4.64263,-1.339466,4.486906,2.168416,1.908511,1.039026,5.075166,2.845356,-2.634454,1.386587,3.781488,-4.089651,-2.364521,3.611957,-5.022147,-0.42297,4.79718,-4.243191,0.922119,-4.841669,2.62734,1.667069,2.003127,-1.094714,-1.786882,4392.813103
2.856273,4.743536,0.396661,-1.72934,0.092597,3.856791,-4.138988,3.745856,-4.398937,-3.9699,-3.543432,-0.090073,3.961321,-4.424363,0.728857,2.508821,2.161376,-3.207149,4.495749,2.361239,-0.687172,3.03317,-4.660323,0.899545,3.075801,-3.090575,2.955985,-1.191321,3.491797,4.826074,4393.583941
-4.577674,0.835048,3.430679,-3.421105,-0.417771,4.614239,-1.387589,4.430717,2.230364,1.895816,1.125942,5.051234,2.864832,-2.641876,1.423871,3.696726,-4.078571,-2.447217,3.684142,-5.102343,-0.45245,4.729607,-4.281177,0.928108,-4.817611,2.650053,1.645232,1.970606,-1.038334,-1.81074,4397.226695
2.804092,4.785259,0.32829,-1.675826,0.01339,3.872099,-4.119123,3.739575,-4.307357,-3.91258,-3.524837,-0.098973,3.938752,-4.433937,0.779365,2.475639,2.220875,-3.230861,4.504332,2.396898,-0.645229,3.063899,-4.691928,0.855115,3.151156,-3.137831,2.868559,-1.16929,3.573528,4.875408,4398.324079
1.436159,-4.668074,-3.806626,1.140997,3.627435,-0.14362,-3.496588,-1.102223,-4.541085,-2.607654,-2.945977,-3.436669,-2.478331,-3.359645,4.853381,2.020907,4.125283,-4.528957,-4.209293,4.469007,0.328698,-3.04015,-4.854091,-0.753163,-3.843923,1.0673,-2.589751,-0.305655,4.474594,1.595178,4405.712113
-4.582055,0.843531,3.411917,-3.385189,-0.508066,4.619991,-1.406525,4.446528,2.216686,1.917374,1.065989,5.037002,2.862439,-2.651814,1.424338,3.730845,-4.060295,-2.432505,3.654331,-5.0933,-0.448826,4.809968,-4.286825,0.949903,-4.858861,2.622703,1.702419,1.969117,-1.03752,-1.784251,4409.449402
-3.988544,-3.092455,-1.642876,4.072179,2.515869,0.840746,0.280307,1.448616,3.503706,-4.907165,-1.776315,-0.598098,4.934341,-4.690551,3.292489,-1.996387,0.220737,-1.259197,-3.464951,3.874889,-4.29333,-1.627407,-1.812613,2.018514,-4.615542,-4.226229,-3.652373,-3.92361,-3.562049,2.321378,4439.268811
1.434948,-4.69911,-3.83334,1.137441,3.593464,-0.149084,-3.543019,-1.069776,-4.581783,-2.623974,-2.968932,-3.414809,-2.497378,-3.363204,4.901282,1.973914,4.193493,-4.574483,-4.221016,4.502765,0.357538,-3.040906,-4.871013,-0.809262,-3.834576,1.093307,-2.654354,-0.250665,4.45929,1.57376,4449.565225
1.41439,-3.692568,4.827366,3.318281,2.782076,0.273818,-3.933473,-4.556182,0.783146,3.972315,1.367132,1.742723,-3.13424,4.017121,2.818586,2.7499,-4.8022,-0.128841,2.710437,-2.295334,-2.666541,5.051276,-3.035473,-4.072391,2.346928,3.768686,0.805545,0.896024,1.591504,-0.503955,4455.234151
-4.088233,-1.336362,-2.964505,2.406385,-2.936496,-4.304118,-3.71033,-5.044651,3.392314,-4.435682,-3.029235,1.410797,2.098207,-0.059415,4.366111,-2.539039,1.43705,3.290532,-1.331348,-4.44116,2.210287,-3.203007,-2.67437,0.101252,-1.485979,2.927811,-3.421337,4.264577,-0.786753,-0.3693,4460.062743
-0.504767,4.327542,-2.406328,0.078077,-2.280254,-2.514471,-2.956677,0.383149,3.805308,4.866535,3.189449,-4.44864,1.081512,4.384839,4.109172,-1.679419,4.760485,-3.600892,-2.463378,0.361487,-0.14094,-1.430157,-2.168992,-4.871658,0.748088,0.651406,-1.122519,-4.43517,-4.033678,-2.605319,4463.515097
-3.981545,-3.097771,-1.693274,4.064288,2.461078,0.867059,0.241286,1.441529,3.539673,-4.907282,-1.776345,-0.568175,5.005902,-4.680219,3.365597,-2.036947,0.212797,-1.233536,-3.451744,3.883624,-4.20645,-1.548471,-1.743103,1.960394,-4.611931,-4.222583,-3.605474,-3.979281,-3.504733,2.354201,4464.49787
1.41649,-3.787183,4.876839,3.353336,2.826784,0.256462,-3.920476,-4.540112,0.729047,3.910094,1.390273,1.764935,-3.156894,4.015676,2.796583,2.723757,-4.765228,-0.125359,2.721417,-2.276677,-2.758615,5.1024,-2.983104,-4.05391,2.343877,3.728795,0.761129,0.889937,1.557501,-0.492758,4465.092873
-0.483757,4.339801,-2.449309,0.054914,-2.317137,-2.464864,-2.880998,0.385342,3.888091,4.818106,3.177013,-4.45535,1.048792,4.36815,4.138339,-1.668277,4.729987,-3.604239,-2.53649,0.408645,-0.137276,-1.335504,-2.183044,-4.854382,0.741424,0.69101,-1.047879,-4.495034,-4.057467,-2.566041,4468.822835
1.924287,1.342608,3.189089,-2.515416,-1.4046,4.509973,4.762453,0.256774,-2.500501,-4.368652,4.000407,-2.083079,-4.730401,2.592508,1.569763,-1.108816,2.872909,4.269082,-0.073859,4.347297,4.807608,3.794849,3.30704,-0.583934,2.925939,3.834807,2.043421,2.155233,-4.601495,0.868918,4475.909838
-4.03228,-1.372061,-2.957405,2.415055,-2.922623,-4.379489,-3.783777,-5.073642,3.413913,-4.454269,-3.067416,1.395142,2.081588,-0.077962,4.331332,-2.468848,1.521177,3.323069,-1.364024,-4.486348,2.237247,-3.214482,-2.72016,0.026824,-1.466677,2.924263,-3.475457,4.233675,-0.753251,-0.332817,4477.893922
1.340147,-3.740908,4.888047,3.285685,2.861921,0.282965,-3.962064,-4.595041,0.740378,3.968164,1.344014,1.742055,-3.158704,4.073762,2.780984,2.746135,-4.761238,-0.153128,2.737949,-2.290064,-2.732824,5.092584,-3.025606,-4.036449,2.324513,3.692884,0.762214,0.915219,1.627381,-0.480698,4478.784837
-3.985207,-3.105708,-1.720634,4.094215,2.502187,0.88159,0.235054,1.489705,3.582112,-4.855116,-1.775637,-0.568193,4.954568,-4.702358,3.360913,-2.032142,0.277698,-1.235796,-3.425538,3.857213,-4.287192,-1.581149,-1.750913,2.036309,-4.618663,-4.274771,-3.58888,-3.992502,-3.523696,2.282109,4478.911109
-4.032273,-1.35738,-2.867209,2.444294,-2.945989,-4.35529,-3.781781,-5.021675,3.426505,-4.452552,-3.035922,1.355436,2.069976,-0.075795,4.395034,-2.476616,1.47872,3.370271,-1.400777,-4.492351,2.231586,-3.247349,-2.713217,0.077824,-1.481188,2.964696,-3.453043,4.221814,-0.757703,-0.380975,4479.355075
-1.216777,-4.264047,-4.074739,-4.757155,-1.491387,-0.651743,3.754562,4.394414,3.773709,-3.483439,-1.879631,2.814283,2.268498,-3.72495,-0.953652,2.78373,1.957538,-4.410077,-3.098947,3.708737,2.925706,-0.948248,3.008992,1.139987,-5.094539,0.151257,4.765306,-4.564576,-1.415635,1.972314,4480.468213
2.623088,3.057984,1.889288,0.846199,4.975319,-1.105822,4.354189,-2.121008,-1.1577,4.47399,-1.069331,4.60157,-3.69308,3.974989,-2.85839,2.983151,-1.141054,0.421395,2.505562,-2.757235,-1.116562,3.71939,0.518458,5.027719,2.600448,-0.470233,3.756928,3.718118,1.825135,-2.358317,4480.489547
2.605704,3.001382,1.927669,0.861665,4.993731,-1.116345,4.351747,-2.142127,-1.21323,4.469651,-1.037384,4.535516,-3.735311,3.911702,-2.801125,2.993582,-1.157511,0.496349,2.485521,-2.720816,-1.102051,3.729624,0.535323,5.064581,2.618734,-0.444213,3.787436,3.773879,1.763482,-2.363712,4485.88216
-0.486048,4.352802,-2.395417,0.03421,-2.312228,-2.468588,-2.934739,0.337768,3.884718,4.901707,3.207879,-4.437246,1.106408,4.323267,4.139101,-1.695793,4.727251,-3.672415,-2.529268,0.361863,-0.13912,-1.351035,-2.15264,-4.903313,0.766104,0.695916,-1.125334,-4.468152,-4.024801,-2.575493,4492.045022
-1.161576,-4.289496,-4.068929,-4.792675,-1.471844,-0.699732,3.769051,4.341457,3.712518,-3.520961,-1.891119,2.799814,2.295747,-3.720736,-1.017683,2.782333,1.97205,-4.5023,-3.082246,3.765704,2.890898,-0.932688,2.974381,1.187843,-5.032123,0.11661,4.749123,-4.53995,-1.384315,1.949237,4494.413566
-1.214652,-4.270499,-4.036507,-4.782233,-1.481238,-0.632806,3.718756,4.370218,3.742848,-3.505034,-1.934579,2.801981,2.258412,-3.746688,-0.971874,2.837018,1.949871,-4.433988,-3.172234,3.715659,2.95384,-0.995758,2.985096,1.19562,-5.10146,0.159327,4.727499,-4.587386,-1.373964,2.003982,4497.66809
-2.58458,-3.960818,-2.975525,-2.420548,3.486797,0.804928,0.458308,1.019867,-3.999111,0.780579,1.70447,3.153435,-4.410939,-4.51012,2.586348,4.742793,-2.059188,2.600802,-0.837521,-0.726683,-3.929713,-4.434017,3.561585,-3.008333,-0.483703,0.748894,4.070403,-3.700458,-3.827056,3.169428,4499.662016
1.896265,1.377271,3.217001,-2.519606,-1.359804,4.574911,4.751496,0.284129,-2.472659,-4.333604,4.056352,-2.07697,-4.726756,2.613587,1.556058,-1.06706,2.947316,4.224613,-0.028667,4.361034,4.79304,3.809591,3.350925,-0.57754,2.955961,3.874658,1.96677,2.249108,-4.560444,0.916669,4501.92297
1.866041,1.34952,3.23582,-2.543047,-1.42091,4.58209,4.731718,0.28178,-2.508674,-4.377477,4.003263,-2.098945,-4.774067,2.580432,1.55266,-1.114558,2.920925,4.247221,-0.089085,4.340044,4.73636,3.861154,3.302097,-0.539558,2.965198,3.83458,1.978321,2.212178,-4.541097,0.827819,4501.935994
2.662071,3.070017,1.89613,0.908682,4.988593,-1.056904,4.361685,-2.075577,-1.129183,4.481893,-1.045081,4.538464,-3.785435,3.970616,-2.803964,2.991579,-1.176681,0.44572,2.529383,-2.740157,-1.119333,3.762019,0.581031,5.066073,2.65278,-0.495221,3.697663,3.772163,1.798826,-2.372852,4509.400633
-2.642678,-3.928761,-3.027524,-2.445062,3.499106,0.771322,0.437026,1.011176,-4.052481,0.739736,1.701807,3.121399,-4.413527,-4.600353,2.638509,4.733755,-2.147306,2.578474,-0.822495,-0.764665,-3.932453,-4.416498,3.543147,-2.994158,-0.499884,0.796983,4.082496,-3.728835,-3.844381,3.091859,4522.631201
-1.913981,-2.49355,-2.650026,-4.133957,-3.247789,-1.92437,-4.642862,4.542544,-0.59301,-0.484769,0.365849,-4.305812,2.190192,-3.19332,0.119885,-4.816853,-1.062233,-3.84898,-1.460307,4.727854,-4.050939,0.10114,-4.080636,3.240216,-0.98519,-3.404761,-2.735269,3.821259,1.642385,-1.642131,4528.830065
-2.578093,-3.958539,-2.970987,-2.402931,3.579514,0.795644,0.452461,0.957978,-4.019535,0.738319,1.726959,3.152424,-4.493024,-4.525001,2.577637,4.746652,-2.084487,2.561809,-0.845557,-0.782148,-3.919485,-4.453086,3.550468,-3.051768,-0.456508,0.76724,4.093126,-3.750347,-3.80062,3.143376,4538.080216
1.98053,2.910668,-2.468021,-4.335037,1.028,1.566359,-4.775109,-2.186989,-4.465017,3.107162,0.961906,-4.142282,4.396142,1.167584,-0.099727,4.317978,1.12765,3.506751,0.769032,3.606335,3.487239,-1.260155,3.148481,3.999479,2.203225,-1.51044,-5.082916,1.527628,-0.111631,4.597646,4538.873052
-1.852453,-2.464378,-2.574006,-4.123671,-3.229939,-1.899116,-4.646457,4.549494,-0.551348,-0.466651,0.366795,-4.369343,2.180655,-3.232539,0.113487,-4.859629,-1.026329,-3.867163,-1.499934,4.742601,-4.082204,0.062477,-4.06301,3.25054,-0.974185,-3.468849,-2.676989,3.812818,1.691918,-1.677253,4554.69022
1.980451,2.937876,-2.473648,-4.376253,1.106217,1.620691,-4.79859,-2.178185,-4.487727,3.076658,0.95735,-4.144273,4.380207,1.171195,-0.024993,4.314106,1.144481,3.56993,0.778317,3.673908,3.519231,-1.329185,3.113718,4.02283,2.173715,-1.476771,-5.086344,1.490974,-0.152147,4.585731,4570.496542
2.015613,2.954451,-2.554222,-4.310064,1.086086,1.598095,-4.779486,-2.23769,-4.47443,3.132396,0.993567,-4.133784,4.342743,1.175819,-0.029776,4.343338,1.150692,3.55581,0.760171,3.673031,3.549556,-1.320659,3.138845,4.063434,2.228584,-1.477247,-5.072042,1.514068,-0.141949,4.509183,4571.402434
-1.887881,-2.486333,-2.594252,-4.144407,-3.203348,-1.904383,-4.636934,4.5954,-0.582071,-0.485345,0.359087,-4.317298,2.20838,-3.252341,0.142108,-4.891447,-1.026705,-3.879433,-1.471178,4.729327,-4.059596,0.095577,-4.086819,3.175496,-1.014011,-3.471764,-2.682503,3.873632,1.674281,-1.701395,4571.928549
3.718822,4.616,-3.895624,-2.739298,-0.529978,-0.317955,-0.420617,-1.945316,-3.130963,0.017537,3.99078,-1.739471,3.1481,-5.100634,-1.759251,-3.514202,1.828232,3.159838,-1.808004,0.54304,3.018391,-3.369187,-0.594579,-2.897523,0.614737,4.237263,0.870828,-4.125537,3.619597,3.234109,4580.609424
3.689211,4.698051,-3.896987,-2.69946,-0.525591,-0.397173,-0.469392,-1.849178,-3.166125,0.049529,3.925057,-1.734898,3.131452,-5.069798,-1.752543,-3.500942,1.755491,3.117731,-1.79098,0.520717,3.063924,-3.347985,-0.612418,-2.964738,0.617186,4.292825,0.824697,-4.180959,3.586991,3.217552,4585.003796
3.697846,4.627565,-3.910188,-2.738049,-0.589882,-0.390126,-0.420426,-1.924513,-3.143541,0.050389,3.909522,-1.716225,3.104593,-5.10543,-1.837881,-3.540989,1.772527,3.108218,-1.747229,0.539829,3.052779,-3.375312,-0.558274,-2.870393,0.635989,4.245575,0.884199,-4.171118,3.685313,3.240468,4585.199541
3.815547,-4.861075,-0.605729,3.519103,0.389652,-4.136332,2.254868,-3.538283,-0.313261,1.116023,-3.851155,-1.474874,3.772168,1.501572,4.461882,0.944949,3.142662,4.661896,3.505821,4.658876,-0.565519,4.524296,3.928112,1.777215,-2.913793,-2.611616,2.658567,2.817817,-3.665932,-3.631493,4598.77628
3.855955,-4.883518,-0.517766,3.560168,0.377274,-4.125141,2.305026,-3.509387,-0.356808,1.086775,-3.880862,-1.524078,3.70172,1.525942,4.466457,0.978517,3.113169,4.670303,3.493138,4.61636,-0.579878,4.603082,3.96124,1.795005,-2.920634,-2.634789,2.600549,2.76845,-3.623258,-3.62529,4604.250461
3.867723,-4.864992,-0.612561,3.519814,0.324145,-4.197493,2.316019,-3.484824,-0.308426,1.054367,-3.872977,-1.48218,3.709636,1.503874,4.439362,0.957813,3.113274,4.704579,3.534042,4.693109,-0.515697,4.509165,3.912372,1.761653,-2.918197,-2.630542,2.592222,2.806646,-3.585715,-3.683245,4612.772794
-3.086741,-1.735303,-4.276807,2.532207,-1.060879,-3.334081,-3.866064,-4.735456,3.246382,-2.303205,4.562227,1.658109,4.114612,1.676153,4.779023,0.14728,-0.349828,-4.354217,-3.729755,-0.361413,3.614133,0.326112,4.858417,-3.428891,2.011406,-3.347345,-3.57638,-3.30503,-5.042975,-0.715385,4659.597772
-3.079312,-1.643779,-4.291041,2.518574,-1.070726,-3.339322,-3.880589,-4.796391,3.201328,-2.335778,4.572443,1.651968,4.124415,1.685901,4.778694,0.159819,-0.317964,-4.328707,-3.787266,-0.341929,3.680224,0.339228,4.864,-3.420411,1.977695,-3.34286,-3.48921,-3.295045,-5.086508,-0.696814,4661.607786
-4.725428,2.437717,1.44049,4.202605,2.096995,-2.337552,-3.40177,4.170863,-0.955586,-3.188866,2.181773,-2.615128,1.877284,-2.157832,-4.765988,-4.612595,-5.101775,-0.694503,0.279205,4.516305,1.388441,-2.248754,-0.458418,2.52418,3.862647,-3.596246,1.166873,-4.355267,2.695038,3.554604,4669.968055
-3.114432,-1.709342,-4.288507,2.465879,-1.073785,-3.324601,-3.873131,-4.785922,3.219402,-2.311997,4.592501,1.719347,4.184458,1.657659,4.782251,0.153618,-0.358139,-4.301817,-3.706349,-0.356238,3.667518,0.399391,4.899107,-3.446536,2.026819,-3.347833,-3.496708,-3.288376,-5.058178,-0.616807,4671.329127
-2.495146,4.203815,2.318842,2.866337,0.509986,1.695097,3.400618,-3.329573,4.530636,3.684919,4.246896,1.231734,-2.571151,-4.867023,-1.38336,-1.842014,1.582201,-4.228381,-0.290542,-2.089825,2.835253,-4.263166,3.635549,3.411158,-0.715107,-0.201297,-4.865305,-2.720319,4.935195,3.767199,4675.632771
-2.548052,4.261205,2.320563,2.81209,0.436001,1.724989,3.453841,-3.318042,4.544891,3.665859,4.295727,1.237349,-2.599808,-4.848989,-1.418414,-1.801156,1.594233,-4.271045,-0.236219,-2.059255,2.818482,-4.296031,3.585739,3.421951,-0.664117,-0.119827,-4.889491,-2.664949,4.938766,3.735501,4686.214837
-4.722516,2.385889,1.500649,4.206151,2.079178,-2.29385,-3.423307,4.192386,-1.008917,-3.270074,2.234173,-2.581049,1.903978,-2.177158,-4.796933,-4.686634,-5.078278,-0.645405,0.244006,4.549748,1.419561,-2.182675,-0.49043,2.534861,3.871975,-3.591504,1.21682,-4.321192,2.755603,3.505635,4695.429442
-2.476184,4.234995,2.301341,2.797702,0.431278,1.705572,3.39399,-3.3722,4.54601,3.600712,4.255257,1.230799,-2.56626,-4.911604,-1.373926,-1.787579,1.562166,-4.280134,-0.219043,-2.095535,2.8453,-4.259285,3.671538,3.449217,-0.649877,-0.17088,-4.867153,-2.752916,5.002187,3.777297,4700.367518
-4.811566,2.457253,1.503816,4.257472,2.097472,-2.288212,-3.393417,4.106754,-0.966393,-3.245162,2.238757,-2.598863,1.875957,-2.157593,-4.798815,-4.652683,-5.092973,-0.67373,0.299642,4.576257,1.395587,-2.220303,-0.457874,2.513167,3.839446,-3.680471,1.155934,-4.377055,2.677234,3.535539,4725.41762
-3.616767,-4.420522,-1.751914,2.711442,4.37395,1.850937,4.498382,-2.368676,3.944782,-1.196204,-1.37954,-0.931306,-4.21523,-1.444732,-4.934648,1.229129,-1.686552,4.841576,5.047031,-2.613928,-1.590438,0.526799,-3.313252,2.724926,4.605298,-4.156638,4.426202,2.547942,-1.471178,4.48518,4730.689748
-3.587749,-4.494457,-1.761491,2.725722,4.336924,1.91042,4.414932,-2.395981,3.898,-1.190291,-1.382089,-0.925654,-4.290354,-1.467795,-5.00243,1.317318,-1.724871,4.883849,5.052487,-2.607901,-1.565388,0.55054,-3.299049,2.664931,4.575595,-4.157425,4.464295,2.555339,-1.455004,4.485126,4754.014741
-3.621494,-4.490569,-1.808999,2.74923,4.314948,1.878285,4.499347,-2.434723,3.954954,-1.175572,-1.40078,-0.988147,-4.203509,-1.506193,-4.99625,1.29154,-1.669787,4.896685,5.07225,-2.605931,-1.601103,0.54028,-3.295638,2.708548,4.593067,-4.188173,4.437895,2.485041,-1.489226,4.439842,4760.775919
-0.337715,0.331891,-4.868118,-3.277151,-1.741991,-3.220908,1.12362,0.445958,2.604228,2.45773,1.311004,-4.550416,1.8384,-2.960118,1.078226,-4.444743,-1.382576,3.908462,2.574011,4.874521,2.133538,-4.029481,-1.005564,3.020818,4.000198,-1.2057,-2.536417,-0.384403,1.150155,4.977715,4761.719354
-0.393604,0.380135,-4.84916,-3.27925,-1.823927,-3.261892,1.113884,0.505601,2.607597,2.54215,1.2574,-4.53833,1.78031,-2.955704,1.04084,-4.427062,-1.40921,3.945502,2.588516,4.912778,2.061354,-4.013333,-0.930008,3.011914,4.008632,-1.221741,-2.536109,-0.341896,1.186201,4.994333,4771.958947
1.83894,-2.199621,1.976436,-5.118509,-4.818969,-4.462279,0.915587,0.563228,-1.09105,5.027573,-2.139519,-1.243537,4.814047,-1.700862,2.036535,-2.807967,0.63136,4.120954,-0.521269,-4.589403,-4.48013,0.984919,-2.274192,-1.486123,-3.635243,-4.303956,-3.888721,4.197255,1.435009,3.426289,4792.968705
-0.350717,0.345244,-4.90797,-3.334252,-1.782233,-3.262546,1.070751,0.469622,2.648591,2.487366,1.238164,-4.579365,1.800462,-2.952514,1.061487,-4.493686,-1.42867,3.969509,2.661761,4.860136,2.139018,-4.03625,-0.975348,3.050207,4.020587,-1.171277,-2.558482,-0.310147,1.18641,4.962698,4801.889253
1.783693,-2.250084,1.958488,-5.034149,-4.816462,-4.497189,0.830694,0.531399,-1.07867,5.078339,-2.118576,-1.260131,4.911379,-1.672657,1.993393,-2.802783,0.615914,4.132585,-0.578205,-4.594498,-4.405772,1.011926,-2.296225,-1.447688,-3.589544,-4.379287,-3.814952,4.122701,1.463139,3.473531,4805.249087
1.756789,-2.157806,1.987932,-5.091855,-4.893006,-4.439175,0.874893,0.566983,-1.123135,5.043478,-2.09008,-1.315493,4.874523,-1.678,2.005503,-2.800448,0.678474,4.146515,-0.585958,-4.586805,-4.427468,0.972364,-2.326272,-1.468705,-3.59188,-4.35792,-3.870299,4.160397,1.515088,3.427773,4806.51437
2.083913,3.90633,-1.031494,4.333915,4.142018,-4.710113,-2.306827,-3.119434,-3.894187,-0.075479,1.446398,1.215795,3.668064,-3.963303,-0.505331,-1.194839,1.926982,5.042123,4.506439,-1.995131,1.150397,4.87903,5.0228,4.996037,-0.237085,4.94427,0.985865,0.185514,-1.934357,-2.481582,4866.296518
2.116693,3.933621,-1.041223,4.319117,4.119953,-4.671655,-2.305721,-3.160652,-3.924647,-0.083831,1.532709,1.160912,3.644363,-3.914641,-0.473789,-1.130958,1.877863,5.076227,4.563838,-2.023264,1.218933,4.908912,5.018669,4.953983,-0.25026,4.947143,1.005479,0.179622,-1.861266,-2.539587,4871.119961
2.077892,3.987685,-1.121006,4.317839,4.149189,-4.700021,-2.334843,-3.131919,-3.972309,-0.08253,1.528079,1.22271,3.662359,-3.976377,-0.505678,-1.18248,1.845569,5.075243,4.545164,-1.981844,1.154269,4.849407,5.03053,4.93156,-0.225634,4.955175,0.974695,0.113336,-1.860848,-2.509729,4880.58249
4.54959,-1.785646,4.156485,-4.545142,-4.452408,2.968341,-2.522232,3.568398,-0.749804,1.58767,-4.042706,4.627595,4.05725,-1.537159,2.675726,1.184077,-2.514522,-1.715155,4.93434,-4.777976,-2.985828,-2.481832,1.628232,-0.102996,3.970385,1.749595,3.508333,3.152166,4.677195,4.65386,4907.329137
4.572511,-1.787059,4.152875,-4.527525,-4.455572,2.871344,-2.555343,3.488298,-0.724819,1.560854,-4.079226,4.664332,4.047722,-1.59023,2.722924,1.199295,-2.53829,-1.695323,4.919335,-4.745425,-2.98137,-2.498637,1.597236,-0.196147,3.990746,1.833533,3.53698,3.144158,4.697663,4.642136,4912.435374
3.225779,4.600857,1.023841,-2.077814,-5.008334,3.781462,-2.139709,-4.361278,4.476061,2.919304,-3.916304,-0.814027,2.036378,2.460775,1.511588,-2.884137,-0.018531,0.139245,3.688559,2.486672,-1.39387,4.019254,-0.855377,-4.957704,1.00241,-3.486298,-1.218065,-4.05713,3.296973,-4.191714,4914.41031
3.195923,4.543929,0.978867,-2.069506,-4.995384,3.718613,-2.070451,-4.329445,4.458867,2.930542,-3.960113,-0.751442,2.017095,2.548866,1.495424,-2.958652,-0.066477,0.111824,3.715472,2.463327,-1.343295,4.06323,-0.859687,-4.956822,0.921995,-3.577811,-1.223505,-4.025613,3.337199,-4.164092,4920.026269
4.525762,-1.828743,4.168544,-4.510479,-4.485706,2.921898,-2.492502,3.576067,-0.799296,1.538291,-4.017191,4.705186,3.995297,-1.574051,2.716649,1.145012,-2.531012,-1.702202,4.94215,-4.801717,-3.004771,-2.491519,1.615104,-0.165988,3.896474,1.820832,3.561359,3.086676,4.671206,4.702752,4922.090192
3.620082,1.783857,-3.371599,1.999213,1.777754,-3.580247,1.328411,2.571815,-0.033028,1.679467,-2.670164,-3.771172,-2.099909,4.576796,0.593938,4.916313,-0.859259,-3.563922,2.939222,-1.179689,-4.345349,-4.311991,4.610111,-1.555324,2.054763,3.529844,-4.734336,4.00826,-5.010517,4.333448,4935.627423
3.647309,1.792867,-3.334386,1.957217,1.744102,-3.497332,1.260338,2.638937,-0.077417,1.645231,-2.724639,-3.689074,-2.09072,4.555772,0.545173,4.972463,-0.872165,-3.540655,2.950467,-1.184184,-4.402256,-4.378824,4.638205,-1.538891,2.075808,3.540274,-4.779723,3.997935,-4.977044,4.349162,4938.608964
3.677416,1.798158,-3.365012,1.974742,1.776431,-3.515392,1.32697,2.609025,-0.095032,1.658063,-2.717271,-3.698876,-2.147908,4.520256,0.579141,4.984139,-0.841834,-3.505468,2.922165,-1.153312,-4.379876,-4.322393,4.696278,-1.584432,2.104612,3.524429,-4.74977,4.053182,-4.999971,4.314202,4940.97864
3.245034,4.59483,1.003347,-2.127345,-4.984163,3.70583,-2.055621,-4.339659,4.47655,2.966856,-3.976058,-0.818052,2.009534,2.533984,1.466106,-2.931867,-0.005324,0.117276,3.726796,2.477776,-1.389674,4.047093,-0.885109,-4.988968,0.953402,-3.571492,-1.19005,-4.027616,3.315717,-4.194092,4943.945264
2.906718,0.964976,-2.782379,4.690775,0.140845,-3.462689,-3.002792,-2.657217,-3.58322,-2.397712,-4.967292,-0.872265,-4.599568,0.834486,4.929453,3.155282,2.33723,-2.55632,-2.924443,0.01255,4.360357,-3.757355,4.589386,-4.239524,-3.940557,1.416868,-3.348159,3.495798,1.844945,-4.274416,4977.339538
2.872112,0.933442,-2.8482,4.695363,0.159534,-3.4128,-2.996627,-2.619016,-3.559288,-2.371515,-4.9622,-0.83444,-4.588747,0.826368,5.014478,3.120952,2.29246,-2.482121,-2.9471,0.077869,4.325231,-3.703593,4.595523,-4.294319,-3.982222,1.416851,-3.339414,3.552512,1.944346,-4.294278,4997.654687
2.934267,0.985604,-2.858886,4.67579,0.178238,-3.45916,-2.999216,-2.560468,-3.542015,-2.415254,-5.014787,-0.826372,-4.56234,0.889547,5.006435,3.116653,2.261735,-2.519677,-2.939179,0.058183,4.35258,-3.713214,4.50666,-4.300359,-3.950605,1.427379,-3.349073,3.514703,1.885072,-4.280288,4998.783172
1.052073,3.79026,-4.770771,-3.061574,0.569403,1.755771,1.437748,-3.727649,0.480646,3.238461,0.752731,0.359047,-1.642215,2.016753,5.054505,-4.221877,3.063768,3.590452,1.315928,4.19007,3.798449,-2.451095,-5.05195,-3.135275,-3.494115,4.423942,2.753306,-0.202668,-2.468539,-4.845664,5000.071216
1.106014,3.87563,-4.788561,-2.986889,0.605608,1.799627,1.513446,-3.70158,0.444469,3.201977,0.751153,0.382596,-1.722746,1.996103,5.049243,-4.286433,3.061528,3.614155,1.293914,4.168012,3.834186,-2.366606,-5.039519,-3.081108,-3.567709,4.435994,2.691073,-0.186099,-2.461386,-4.855221,5007.464125
1.120561,3.826496,-4.766645,-2.974979,0.588887,1.810149,1.467854,-3.775738,0.511647,3.214157,0.734365,0.374082,-1.732404,1.956397,5.109781,-4.257626,3.033391,3.624408,1.259972,4.109922,3.867447,-2.430123,-5.11111,-3.084122,-3.535916,4.471959,2.743125,-0.186144,-2.485959,-4.816252,5008.379472
-2.107782,0.760557,-1.293063,2.909027,-0.980936,-1.535293,3.195256,3.81723,-2.906086,-2.025747,-4.191787,4.258785,4.445121,-0.53362,4.073113,-3.285146,1.724592,4.91638,-3.628365,4.017592,-1.007456,-1.859826,1.218654,-3.551944,-2.419511,-4.437346,3.109654,-2.419706,4.003298,-3.837087,5018.779328
-2.145949,0.719004,-1.276517,2.962971,-0.98744,-1.461334,3.237609,3.789747,-2.904586,-1.997775,-4.12005,4.300658,4.433487,-0.562045,4.004894,-3.329223,1.676973,4.936044,-3.667384,4.004926,-0.978276,-1.939283,1.219778,-3.574293,-2.408148,-4.480942,3.154146,-2.388121,3.996033,-3.839804,5028.928357
-2.095823,0.791299,-1.288939,2.870908,-0.968845,-1.471086,3.177174,3.826564,-2.948825,-2.041261,-4.14134,4.258338,4.495303,-0.575731,4.057816,-3.297943,1.73521,4.981011,-3.601958,4.041676,-0.972894,-1.868123,1.148555,-3.509059,-2.390929,-4.422096,3.086754,-2.393754,4.048037,-3.874409,5031.649214
2.389483,2.771063,3.559028,-3.894358,-4.745642,-2.703357,-2.815068,4.286579,3.669535,2.771295,-0.245743,3.535111,3.181944,-0.763213,-1.086769,-2.73445,-0.647697,4.35173,-4.353136,-1.811491,0.288862,-4.506145,-4.598623,4.663535,2.708909,-4.764853,-0.855449,-3.85204,-4.412715,-1.108299,5220.040037
2.40783,2.818105,3.49919,-3.941315,-4.74944,-2.726701,-2.864661,4.260498,3.624478,2.795197,-0.234525,3.563582,3.265685,-0.795088,-1.047054,-2.740504,-0.647131,4.398025,-4.375297,-1.750107,0.217615,-4.506287,-4.531292,4.650369,2.736422,-4.748645,-0.889787,-3.876643,-4.46154,-1.078292,5229.232184
0.756754,2.659401,2.611425,4.986755,4.042182,4.881298,4.197323,-2.272392,4.93328,-3.62212,4.467988,2.381083,2.462637,2.367121,-4.014429,-3.975069,-1.877251,-2.790245,1.975058,1.774944,-3.674572,1.254422,-1.340464,1.275089,-2.805928,-4.515093,-4.557617,5.061016,3.909437,1.295144,5235.497802
2.421518,2.775169,3.541808,-3.914288,-4.796015,-2.744458,-2.83422,4.219877,3.682509,2.850434,-0.293044,3.565974,3.207445,-0.754822,-1.112011,-2.764762,-0.614682,4.369397,-4.374159,-1.747357,0.282066,-4.554936,-4.562783,4.632205,2.69882,-4.767851,-0.830598,-3.826471,-4.46314,-1.110498,5239.117054
0.773257,2.64619,2.654915,4.921215,4.081828,4.826851,4.151531,-2.329304,4.953621,-3.644311,4.450958,2.397112,2.535663,2.430839,-4.016889,-3.974841,-1.936176,-2.818409,2.00686,1.752893,-3.670218,1.310789,-1.360658,1.254241,-2.809536,-4.584589,-4.532093,5.030673,3.91603,1.284801,5259.5248
0.804179,2.64638,2.655706,4.962249,4.058288,4.835869,4.099006,-2.299818,5.015245,-3.629246,4.424329,2.357342,2.520938,2.385695,-4.059204,-3.93477,-1.866439,-2.854236,2.009311,1.751085,-3.646165,1.239997,-1.410448,1.329509,-2.842732,-4.589851,-4.578246,5.024885,3.96488,1.31534,5262.159467
0.196423,-1.183792,-3.45956,-2.020104,2.607001,-4.221338,-2.184103,2.840903,-2.115908,-5.072112,5.022214,2.735317,-5.028719,0.397172,-3.337029,-4.916616,4.557563,-3.072113,3.302818,-0.545744,0.695484,1.513968,2.576811,1.880471,5.026231,4.878925,1.02881,1.63268,4.602839,-4.954462,5263.92142
0.129011,-1.162533,-3.391477,-2.023042,2.623068,-4.275462,-2.238279,2.77337,-2.065175,-5.085191,5.043015,2.732508,-5.01829,0.342322,-3.34702,-4.973412,4.597461,-3.163561,3.31116,-0.613866,0.673121,1.484111,2.602664,1.920443,5.093165,4.881611,1.109507,1.567504,4.527295,-4.953143,5278.687697
0.105806,-1.168919,-3.409415,-2.029624,2.631086,-4.284279,-2.163865,2.846722,-2.107237,-5.117041,5.119365,2.695066,-5.085646,0.323615,-3.373815,-4.957701,4.506011,-3.150508,3.314729,-0.526567,0.699939,1.502704,2.618177,1.93151,5.039911,4.884582,1.043603,1.565384,4.550829,-4.966499,5315.737206
0.346867,-0.816297,3.8479,-0.843365,-2.496863,1.297958,-4.387871,1.264317,2.42427,-4.50911,2.307346,-3.811106,1.300383,2.694321,-4.837932,1.860066,-2.357552,-4.956711,-3.247855,-2.834205,4.600511,4.612947,1.677655,3.523634,3.246407,4.532022,2.280763,3.969472,-3.155157,2.920081,5387.945308
0.372754,-0.756464,3.848896,-0.86982,-2.552714,1.293462,-4.30747,1.307171,2.452462,-4.562116,2.348241,-3.805364,1.314311,2.710291,-4.901971,1.903675,-2.400977,-4.984861,-3.23687,-2.80525,4.560021,4.617136,1.670938,3.552628,3.191594,4.542044,2.283573,3.895502,-3.073842,2.872655,5393.652658
0.336456,-0.772577,3.839636,-0.834532,-2.528082,1.316917,-4.375448,1.289397,2.421751,-4.56205,2.338209,-3.803161,1.257372,2.665262,-4.856022,1.879777,-2.428326,-4.919802,-3.233982,-2.810768,4.545687,4.63217,1.729099,3.535863,3.175779,4.559962,2.352741,3.977378,-3.142563,2.957112,5403.670887
-1.671993,-4.03238,4.405314,2.105824,3.72044,4.366134,2.80132,-4.681775,4.809621,-4.943874,-0.093427,1.047117,4.810157,-1.254662,0.427311,1.368424,-2.231898,3.191808,0.318537,0.928674,-1.201667,-4.81767,-0.257743,-4.739822,-3.729554,-3.767896,3.423591,0.207179,-4.866397,-4.628529,5535.752805
-1.669171,-3.999069,4.474565,2.054414,3.713436,4.307425,2.847933,-4.616362,4.79386,-5.014977,-0.011064,1.055516,4.733914,-1.30964,0.409838,1.356968,-2.196283,3.232558,0.397731,1.013759,-1.197858,-4.823121,-0.266568,-4.727083,-3.700941,-3.766639,3.453717,0.242491,-4.874612,-4.659323,5552.407446
-1.711203,-4.087612,4.443901,2.053812,3.777806,4.346668,2.828372,-4.649651,4.779649,-4.974813,-0.011733,1.030829,4.711056,-1.269121,0.485471,1.370011,-2.241808,3.178871,0.352755,0.972492,-1.145218,-4.887687,-0.288538,-4.805825,-3.701998,-3.725716,3.385601,0.290088,-4.851252,-4.638136,5558.950699
4.457401,-1.46109,5.092797,1.057335,2.697078,-2.659371,-3.375663,-4.866664,0.249696,-0.996302,-3.439089,2.936876,-0.222257,1.039683,-3.417982,-5.050916,3.461868,-4.025763,1.434018,-4.947263,-4.714644,4.113735,-1.142884,-4.111468,3.502368,-0.725496,-1.485839,4.699645,-3.478225,-0.729284,5566.775939
4.428548,-1.522409,5.086989,1.056705,2.695584,-2.632181,-3.329954,-4.862189,0.255246,-0.984007,-3.379907,2.882708,-0.288091,1.116177,-3.442928,-5.047055,3.383628,-4.081954,1.480953,-4.957214,-4.752374,4.100919,-1.164157,-4.113622,3.569919,-0.817288,-1.51462,4.695403,-3.476494,-0.717124,5568.032905
4.497769,-1.464166,5.115701,1.11026,2.759112,-2.584457,-3.36676,-4.872199,0.207,-1.006261,-3.379687,2.875335,-0.269528,1.102617,-3.454484,-5.020963,3.449773,-4.004773,1.455588,-4.998028,-4.742768,4.113363,-1.187199,-4.1664,3.527024,-0.800093,-1.444882,4.700409,-3.438718,-0.813539,5592.888433
-3.209632,-4.974186,-3.72068,0.719332,3.920056,4.747504,2.95678,-3.190752,-1.783397,2.392399,4.30371,-3.301541,-3.315223,-3.121746,-2.175746,2.283208,4.920154,4.008032,-2.790862,-4.651757,-2.568169,-1.091514,4.209023,-4.330717,-1.42465,4.628703,4.519484,-0.994099,-1.253202,-4.803351,5631.368392
4.924938,-3.230919,-4.958865,3.941129,4.68037,-3.932084,1.792175,-4.474344,-3.727372,-1.817516,3.032927,-4.235655,-3.789059,0.454391,-5.070135,4.554627,1.083208,2.287162,4.216183,3.333521,5.026052,4.462116,3.747559,-3.313613,-0.067361,-2.115212,4.686332,-2.134923,0.651664,-0.075279,5649.297036
-3.268012,-4.92042,-3.758395,0.757465,3.983473,4.729389,2.86799,-3.27647,-1.806631,2.456341,4.317063,-3.344654,-3.27883,-3.110321,-2.222668,2.282556,4.928597,4.07628,-2.804749,-4.66877,-2.621458,-1.109845,4.232948,-4.312411,-1.392133,4.657555,4.597553,-0.986316,-1.31433,-4.714926,5656.195547
-3.249495,-4.922611,-3.785238,0.752954,3.935266,4.728537,2.867938,-3.26704,-1.787959,2.415801,4.324572,-3.363542,-3.328098,-3.095238,-2.184425,2.317333,4.958633,4.03396,-2.772146,-4.693192,-2.617952,-1.1216,4.262386,-4.310297,-1.408351,4.656659,4.565853,-0.992653,-1.244393,-4.723975,5658.718899
4.946373,-3.269569,-4.986247,3.950784,4.695401,-3.917565,1.781625,-4.471567,-3.748079,-1.741893,2.994506,-4.212724,-3.824018,0.494205,-5.102637,4.596369,1.061305,2.293363,4.225648,3.369639,5.118802,4.44135,3.689888,-3.352045,-0.07606,-2.113507,4.707862,-2.091092,0.626726,-0.038521,5679.691912
4.925416,-3.212613,-5.015702,3.967218,4.630649,-3.99237,1.780589,-4.489596,-3.71592,-1.784568,2.990628,-4.255043,-3.840793,0.488793,-5.086762,4.561994,1.106758,2.319962,4.290474,3.347683,5.02904,4.475535,3.784216,-3.376512,-0.032995,-2.10046,4.6879,-2.139954,0.630611,-0.069277,5697.717859
-1.963988,-3.555756,4.352258,4.151821,-0.178969,-3.164979,-1.210141,2.382303,4.02273,3.722035,-1.995435,2.982766,0.791114,-4.260051,1.746821,0.379991,0.967436,-4.628363,-0.373489,-3.646879,3.346133,-4.623881,-3.155069,2.798807,-1.102983,-4.699615,-2.06106,4.842001,-4.287493,-4.364302,5787.871218
-1.987784,-3.563449,4.327664,4.191116,-0.129622,-3.163414,-1.190371,2.387496,4.020756,3.742228,-2.032105,3.070428,0.810211,-4.226019,1.784972,0.333841,1.00136,-4.667803,-0.4089,-3.590041,3.344718,-4.641765,-3.167216,2.800201,-1.090432,-4.632487,-2.105312,4.890441,-4.230671,-4.383524,5797.540447
-2.003262,-3.511779,4.324336,4.120586,-0.156242,-3.128341,-1.208121,2.378827,4.018502,3.764691,-1.983512,3.030668,0.783191,-4.25256,1.831442,0.381275,1.008795,-4.636748,-0.322248,-3.653742,3.312345,-4.697466,-3.136371,2.833988,-1.043368,-4.618693,-2.103528,4.874589,-4.249706,-4.373308,5799.931778
-2.336609,3.332484,4.651839,4.726754,1.466174,-2.147303,3.836878,4.920934,2.053637,-2.469709,3.53191,-2.907713,-4.626856,-3.031927,-2.939138,-4.789436,-0.301192,2.152677,3.276467,4.221148,-2.856411,1.972059,1.002246,-3.868602,4.286034,2.325521,2.191856,-4.798168,5.065625,3.332403,5955.42695
-2.286403,3.313046,4.681287,4.758815,1.502485,-2.064933,3.880303,4.970127,2.082345,-2.474496,3.566328,-2.879448,-4.63992,-2.969678,-2.963447,-4.712631,-0.234409,2.20652,3.219927,4.264283,-2.828854,1.99565,0.942833,-3.883626,4.299987,2.331578,2.247797,-4.783701,5.077892,3.346836,5976.974111
-2.300675,3.342389,4.682493,4.724025,1.533202,-2.136087,3.856117,4.937568,2.06321,-2.495931,3.567967,-2.919913,-4.634882,-3.024888,-2.957312,-4.718819,-0.294296,2.229918,3.273739,4.29963,-2.848615,2.009591,1.002133,-3.799594,4.245834,2.353821,2.188262,-4.798231,5.103724,3.362161,5987.952643