x1,x2,x3,x4,x5,x6,x7,x8,x9,x10,x11,x12,x13,x14,x15,x16,x17,x18,x19,x20,x21,x22,x23,x24,x25,x26,x27,x28,x29,x30,y
2.093997001647949,1.2747746706008911,1.8875294923782349,1.6025348901748657,0.6246262788772583,2.0807862281799316,1.881451964378357,1.665385127067566,1.8139327764511108,1.330651044845581,1.2313445806503296,1.9177995920181274,1.052273154258728,1.715118646621704,1.9776910543441772,0.793084442615509,2.0237348079681396,1.097120761871338,1.3410100936889648,2.042393684387207,2.232569932937622,1.4506587982177734,0.8562813997268677,2.4498541355133057,1.1476130485534668,0.9707374572753906,1.561267614364624,0.7715592384338379,1.0720950365066528,2.174912691116333,-6.803615351521325
2.303266763687134,2.0739169120788574,2.4709198474884033,2.035750150680542,1.3228769302368164,1.7800612449645996,0.839534342288971,1.1145405769348145,2.233443021774292,2.5275633335113525,0.4520356357097626,1.2308692932128906,0.5862141847610474,2.0936119556427,1.3343530893325806,0.6137533783912659,2.3855702877044678,1.3869374990463257,1.0417968034744263,1.9364655017852783,2.5106372833251953,0.8458419442176819,0.7628280520439148,2.727170705795288,1.4503295421600342,2.2267379760742188,2.6882009506225586,1.1154848337173462,2.0047473907470703,1.8531426191329956,-6.715032856297576
1.9123050515523783,1.4358280827510899,1.2720107276667791,1.9483238071494355,0.7511840792294829,2.695930747096573,1.5300905941814178,2.7111506217883456,0.1080977022569174,1.928611186131253,0.821753357780994,2.629922920832327,0.7883191406884913,1.3138594158845793,1.462856159278576,1.2283969612560355,2.6270024908452076,2.9149738909544185,2.385890510305945,2.321956960737777,0.9882660752307321,1.9504685692350163,1.444679813992084,0.9223927011095979,2.476153605306687,0.9881245292854417,2.746711771209789,1.1908116880919932,1.9451818328406907,2.6766679713146093,-6.625600730885487
2.3471426411086647,2.7110778434507434,1.3046234260186698,2.007994201125914,0.24259674836766454,2.053852043710071,1.7946283448641336,1.762384488137872,1.5575460891357078,0.0019086899208857755,0.32724835689859344,3.0185566947542952,0.8966351089417867,1.4803471809686606,1.70469365911881,0.720641595766369,2.4522426531355945,0.04063361782397723,1.7255995377914664,2.3093396466113023,1.974043547373171,1.8729398912097428,1.2072378809298294,3.1046392983858175,0.4763188288224738,0.003301426502741789,1.800385060704504,1.3978494000461075,0.9125473612340397,2.3240048442910974,-6.5248902240849205
2.559218406677246,1.4712536334991455,1.499655842781067,1.9287424087524414,0.8243918418884277,1.9103193283081055,1.7114535570144653,1.7693334817886353,2.355570077896118,1.8504267930984497,0.5142773389816284,2.2905709743499756,1.1363400220870972,1.2132560014724731,1.1088835000991821,1.3779703378677368,2.060307741165161,1.5273029804229736,2.4867897033691406,1.9818835258483887,1.8647547960281372,1.5946214199066162,1.577316164970398,2.2578983306884766,2.021057367324829,1.0202109813690186,1.7857446670532227,1.9261174201965332,1.1990230083465576,2.467006206512451,-5.93621312128186
1.6265478134155273,2.096329689025879,1.2940881252288818,1.7758537530899048,0.721548318862915,1.3623911142349243,1.9970148801803589,1.997965693473816,1.183272123336792,1.8151456117630005,1.1646184921264648,1.9237905740737915,1.0873507261276245,2.511408567428589,1.1648026704788208,1.685622215270996,1.4619814157485962,1.5622011423110962,1.6344101428985596,0.8529458045959473,1.0289204120635986,1.8660304546356201,2.3415915966033936,2.499884843826294,1.8654553890228271,1.5971046686172485,2.2425377368927,1.2716469764709473,1.7599135637283325,1.2951409816741943,-5.811742780067558
2.5777266025543213,2.445284366607666,2.6471292972564697,2.6431121826171875,0.9227816462516785,2.021399974822998,0.8774981498718262,2.1897408962249756,2.442931890487671,1.54624342918396,0.6391632556915283,1.3085572719573975,1.7436087131500244,1.375557780265808,1.3289878368377686,1.7435365915298462,1.9810295104980469,1.3031809329986572,1.2016252279281616,1.9484591484069824,2.3371734619140625,1.886170744895935,1.088581919670105,2.328111410140991,1.312713623046875,1.7862931489944458,1.8078194856643677,0.7218919396400452,1.5859099626541138,2.021846294403076,-5.75487501556379
0.597130537033081,0.7922889590263367,1.3083505630493164,2.308042526245117,0.1346990317106247,1.239830732345581,1.8309506177902222,1.4140784740447998,1.6612141132354736,1.0861797332763672,0.38950297236442566,1.6411200761795044,0.49929162859916687,1.6346937417984009,1.2434099912643433,2.053114891052246,0.8475605845451355,2.104679822921753,0.9837684631347656,1.5547938346862793,1.7561087608337402,1.4895639419555664,1.6602585315704346,1.9393551349639893,2.443838596343994,1.2513012886047363,1.1279042959213257,1.890567421913147,1.4988387823104858,2.1099634170532227,-5.686293715072999
2.23623368554624,1.3848479331158747,1.2704325748302692,1.8530456518353349,0.051503476083046784,2.1724929633739984,1.374126952577615,1.9159838135694591,2.7681228534548565,2.7576528759110333,0.6940452256937419,2.5366767915033472,2.7431098599578503,0.9180587239988104,1.0212347196485105,1.351149757239786,3.0604195060791737,2.9833559180486007,2.438631275502469,1.8982536700251251,1.2875473040911354,2.131779430099779,2.6620919146486335,3.071717712753659,2.6747854815428616,0.2583577104305115,1.3811229596007404,3.0591980429972203,0.1594223403852446,2.472590762327253,-5.5802894373235015
1.6777144371111974,1.3151900426613332,0.8778013451004363,2.165334366400862,0.5071358354267275,2.7384486744771825,2.15254577887008,2.891069465769438,0.5098927239237847,1.5637861895059388,1.266871233582083,2.846464494413523,1.0601916172062602,0.2801165630547453,1.5064048072744538,1.2581253602845883,3.1273925765647483,2.9583470776474567,2.090057565622335,2.540559055999266,1.0824043170971904,2.3522580951004284,0.8643303925269341,2.0867947053240328,2.3559320020003396,1.0288099853572512,2.4785725078639143,2.0275732929075025,1.4394343452120515,2.5260909937143743,-5.5166208368699365
2.2586963772340076,0.6724781865897287,1.7379758891031711,2.5442552245755703,0.29156030407587064,3.0318374669389123,2.5649729556022383,1.7206083858124088,1.7298485375816555,2.217508268974825,1.7331121293935903,1.0070343816765943,0.7099336586363336,2.246272617607785,1.86086311819186,0.22269420209063606,1.9005326119685004,0.4980436437690289,1.3389006082857426,0.8698218446729051,2.7002050765045973,1.7548132328103143,1.2070680249417547,2.5287669639588657,0.1843491965322835,0.7628193963572337,1.9936653028916407,0.8222028145211335,0.4979330674421203,2.020360925077506,-5.468490121471294
2.253419876098633,1.0137012004852295,1.3935587406158447,1.557114601135254,0.9989782571792603,1.955467700958252,1.77240788936615,1.612746238708496,2.287623882293701,2.4293429851531982,0.5756385922431946,2.0674898624420166,1.7133198976516724,1.5223634243011475,1.5898447036743164,1.1956912279129028,2.1245477199554443,1.893272042274475,2.711210012435913,1.357111930847168,1.1244970560073853,1.70466947555542,2.1270387172698975,2.6407344341278076,1.6620330810546875,1.2426941394805908,1.772387981414795,1.9481661319732666,0.4003073573112488,2.298933982849121,-5.466218909543166
0.516959547996521,0.8260849714279175,1.0191489458084106,1.4835647344589233,0.749293863773346,1.7057886123657227,3.058842658996582,2.4339687824249268,0.7856311202049255,1.5327327251434326,2.116511583328247,0.6577754616737366,1.8446511030197144,2.504354476928711,2.4650847911834717,1.6757115125656128,0.5566467642784119,1.041736364364624,3.1353344917297363,1.3195327520370483,2.6195669174194336,2.064215898513794,0.9208250045776367,1.592507243156433,1.8983091115951538,2.1986136436462402,1.5658936500549316,0.31754475831985474,2.015334129333496,2.3852028846740723,-5.4661684005725055
1.4072518285322662,0.10259145262056157,1.2061578949758835,0.9477203846837982,0.8199081653415039,1.840021200485991,1.5092679827820141,1.4647250440970254,2.0308672123378084,1.4315283987283474,0.15202500867724533,2.6439836846178117,1.6910303623901073,1.0529487146392775,2.088899753883927,1.4504318549459578,1.6167823465348823,2.2035871071844597,1.0929388238709374,2.288794631300904,0.8418728472121757,1.4774594660348694,0.3610439217422934,2.8275017311300252,1.054447079506735,0.5077024578825964,0.34101575531029105,0.6506208815590879,0.10201357972842913,2.334793927456022,-5.3382544146322575
1.8053486264159992,1.57330979506694,0.20892795670811282,1.2984658772403597,0.7114673118621482,2.8691758663776583,1.0768121217394937,1.3095289507187893,0.6484486502610027,0.5152713581501522,1.6019792286896009,1.8431287703666484,1.2639171794863864,1.2437675741292493,1.9139388444728596,2.008510703098585,0.9596778172362035,0.24878458418002733,3.1377907377039245,3.1141557805450817,0.6852384327852473,2.750160513683315,2.1995568348475363,0.6412054906035098,2.3760321532614768,0.14545666306514565,1.6513633196511102,1.2678454098307266,0.7266411710785039,2.1378965121891267,-5.325486311210301
2.7237677440483328,1.9578331142238568,1.5502290314150975,1.2681238574064964,1.65223767548493,1.8104905321319946,1.4599543811940927,0.2016844252014961,2.448860991517383,2.864260563579457,0.5406963693712893,2.2945670355512484,0.38079760629137843,1.5765220658201025,0.5192997467675489,0.3677093588352851,2.7957983220048392,0.2554282499509278,1.719144559383619,2.812981072550543,2.703411492505772,0.0276176828453803,1.4891744358426269,2.1669305568398847,1.3218658248469537,0.5829503448235666,1.0119010985048433,1.818159726809208,0.08739454432369534,2.1205923904600135,-5.269516054272217
1.9429954290390015,2.016310453414917,2.1314890384674072,2.3341481685638428,0.9031454920768738,1.9189141988754272,1.286028504371643,1.949609398841858,1.9266984462738037,1.8675205707550049,0.8946434259414673,1.0034278631210327,1.1700249910354614,1.985892653465271,1.3280045986175537,1.6187325716018677,1.5485615730285645,1.6040568351745605,1.1721395254135132,1.8343110084533691,2.053504467010498,1.746088981628418,1.539591670036316,2.2274587154388428,1.6094119548797607,1.9411262273788452,2.0616891384124756,0.9581713676452637,1.5918904542922974,1.7071150541305542,-5.265532021509209
1.6428240537643433,1.4542604684829712,1.3277673721313477,1.9244030714035034,0.85009765625,2.372438669204712,1.1018747091293335,2.135728597640991,1.404604196548462,1.7699286937713623,0.31728455424308777,2.4360930919647217,1.1665987968444824,1.0361814498901367,1.9276946783065796,0.3213188350200653,2.6303110122680664,2.7072677612304688,1.6056281328201294,2.7146923542022705,1.2940038442611694,2.1097750663757324,1.761192798614502,2.227858066558838,2.0603342056274414,0.7583473920822144,2.3584530353546143,1.6902694702148438,1.3415614366531372,2.197687864303589,-5.251754012162642
0.16311097396475482,1.2201801578377813,1.7275807947461717,2.599767427784151,0.5001948780247717,3.1007076777877973,1.917035433750237,1.8568508260607763,0.3352637696196348,2.332510428526615,2.2899564687785925,0.7341821763515778,1.385431102680574,2.415507439940289,1.049368959460895,2.777509271974201,0.25916674705186765,2.6139868364223218,1.400251318623268,1.6758692248452676,1.4531142769709906,1.802422591050726,1.523335048649258,2.9512052066870726,2.7413640822681242,2.94943635328514,1.214472418308453,2.169121709318232,1.4799798441947387,2.204532378230867,-5.000600388046545
2.982426558089028,0.8562392572354033,1.5407271911066023,1.1736569399459242,0.046573256332229675,1.7418752658722851,1.2050578691054916,1.9451119187910861,0.8503855125642583,1.1698135933597782,0.6840161761851993,2.4974883096700293,0.11479690872383186,1.4754205642404312,1.2694497665983593,0.734051516004081,2.78832819078752,2.606147109113764,0.3937621102873692,1.320447060137303,2.3470815200949735,2.131362603958509,2.061151696655837,2.2865834535516933,3.094720424137969,1.3751134257184712,0.8639690088400711,1.836264473878741,0.6710837652630445,0.8958615780133226,-4.933756285264694
2.380303683892917,0.4572967179525948,2.653479204691646,2.4659040589666854,0.8540039258276614,0.44145464687662317,1.1561468263128298,1.6943921321855309,2.017404677387302,1.6716164008728636,1.4801408438763013,2.0664638371443598,1.5796001999959268,0.49387989189368003,2.312388883308261,0.987387611993165,1.7966752482688886,0.17835722079007435,1.4033583390985511,0.22583467108264987,2.531091943413452,1.219560873566207,2.3874673213438933,2.549207462398524,1.7852708447222811,0.6435107782827776,0.7179982397929716,0.45249164841133616,2.6415526892315784,1.9495742574630979,-4.847530046236615
1.6495440006256104,2.037292718887329,1.6658389568328857,2.273155689239502,0.9784252643585205,2.089062452316284,1.8440486192703247,2.0923917293548584,1.2524206638336182,1.5632628202438354,1.5492665767669678,0.5675721764564514,0.6964621543884277,3.019335985183716,1.16727614402771,2.674919366836548,0.45100241899490356,1.9569122791290283,1.397847294807434,1.5858181715011597,1.1960808038711548,2.258636236190796,2.2049732208251953,2.026362895965576,1.70572829246521,2.169343948364258,2.173652172088623,0.3201821446418762,1.7599058151245117,1.2357465028762817,-4.832129228274023
3.018854648607993,1.2186079751164491,1.6410699877369135,1.9395149365513416,0.3222739147410625,2.223728619189467,2.2467726962889776,2.781421384529221,1.486396005110286,2.5429131881378635,1.5105052029271018,1.0946676644595763,2.095931003676472,2.0207253597964767,1.696768864539447,0.6054290160896016,1.5466565357259312,1.3506086074681687,2.5588527177283265,2.089659449442549,2.350554904376701,1.6727832640212257,0.8766043962853518,2.647223634311464,1.267810704680412,3.0819097401161586,2.4756923411754883,0.5021299906293786,1.3743845504304013,2.512569667436791,-4.740714897320198
2.3141138553619385,1.4046564102172852,1.8538850545883179,1.3245888948440552,0.7687788605690002,1.9990952014923096,1.5392146110534668,2.2238593101501465,1.7218023538589478,2.0211000442504883,0.8274278044700623,2.338717222213745,1.1018216609954834,1.3086282014846802,1.569512128829956,0.6795367002487183,2.4819440841674805,2.5333802700042725,1.4134076833724976,2.0945324897766113,1.7367726564407349,2.1863579750061035,1.584227204322815,2.138859748840332,2.170896530151367,1.1510003805160522,1.8783060312271118,1.8606423139572144,0.9763491749763489,1.4736288785934448,-4.699085713723424
2.7972803115844727,0.8696602582931519,2.2181355953216553,2.0353195667266846,0.49072572588920593,1.8911927938461304,1.1215933561325073,1.2128753662109375,2.332512617111206,1.974428415298462,0.7009387016296387,2.2556424140930176,0.36752840876579285,1.2026374340057373,1.489986538887024,1.249877691268921,2.3025543689727783,1.9753764867782593,2.067225217819214,1.2820870876312256,2.167966842651367,1.6807584762573242,2.5183053016662598,1.973159670829773,2.9840433597564697,1.1059317588806152,1.350056529045105,2.256237030029297,0.846268892288208,2.1107382774353027,-4.6779706081246495
0.5224447055683757,2.8484394933689487,1.6247786231024803,2.2431796367410834,0.9564644081268796,1.1048094705431637,0.6423350234421786,2.374966724085352,1.2691020672192062,0.659246440781249,0.08841258526054514,1.9947867553920593,2.419588439555115,1.3404700733975088,1.7413220399971197,0.1392988904184023,3.069634610459149,1.23949217609088,0.40589796354348756,2.4064640182252814,2.141307791944203,1.0515088401808852,0.6297992464405762,2.925457924668969,0.9426755926713445,1.0756293603956157,2.405311118356599,0.8982438728266792,2.5143588139329784,1.8000639554590194,-4.664084841997944
2.39373981557714,0.8196553643159576,2.0634739111982294,2.443015616636015,0.008707806096643678,1.3705431539023942,0.906155208368579,1.3840391091669755,1.6528317311932115,1.3410985105808493,0.9531344188824764,1.3355677008050804,2.285136052759426,0.7678738813724513,0.6474077933746836,3.0912791731667926,1.3756093654704766,0.883385821524493,1.892248210624495,2.7283922953655235,2.159598839979103,2.0715782310906046,0.6909150342530258,2.4781770071519613,1.456964308366212,1.1668317150770293,0.04864598930589792,3.137153430338838,0.3288961819590085,2.733221149119513,-4.636658069512603
0.8241554284252366,1.7895903199773366,2.537951103911127,1.159767255400868,0.19648277007647233,2.4297706470386116,1.2199922588874208,2.305265672564447,0.5071875676409612,2.810527573380057,3.0795991213906855,1.6581986452609148,2.4801394352691273,0.5348030799284957,2.11157589795991,1.6100735038613225,2.0553647575649334,2.5100693350762175,0.5329765829118698,2.200810670746944,1.4530353316914097,2.500898004531674,2.088703606320494,1.4680259125692783,2.0565941356469866,0.9066544356763777,1.857810083784077,1.679310165102651,1.4979045858065163,0.9372881351796196,-4.627560663903887
2.3615219593048096,0.9720966219902039,2.080692768096924,1.4888664484024048,0.5991854071617126,2.353458881378174,1.7137514352798462,1.883202314376831,2.1444180011749268,2.637803077697754,0.9543478488922119,2.246617555618286,1.690955400466919,0.8882291913032532,1.3071378469467163,1.7315841913223267,2.4837663173675537,2.7449071407318115,2.220069169998169,1.8699371814727783,0.9613947868347168,2.0339841842651367,1.0341243743896484,2.538147211074829,1.7110533714294434,1.2159302234649658,2.039897918701172,2.4854912757873535,0.8787221908569336,1.9388668537139893,-4.613953239697601
2.799640304331949,2.272322317157851,2.9223571760337475,2.1496305029049907,0.5403768921826926,2.9824490900500487,0.6598883126315565,2.1975129224087215,2.520407182824298,2.117291340860494,0.5918778095358015,2.661633849050923,2.8258136617801997,0.9727518260470036,1.0492119574287933,0.960556878668211,2.3537785229747543,2.2663383427745414,2.7010345709455827,1.9136528965272432,3.1318865389199857,2.2781340947146704,0.42416862227870955,2.242666423369353,2.265574150477722,2.605911070619215,2.0602620749016602,2.5659304947524,0.5334836584542371,2.239285368268753,-4.580859513839726
1.0980478525161743,1.5622769594192505,0.9077028632164001,1.6111102104187012,1.229732632637024,2.034123182296753,2.4037606716156006,1.993787407875061,0.7972924709320068,1.5392531156539917,1.8853968381881714,1.304214358329773,0.9038539528846741,2.1790223121643066,1.75546133518219,2.2622716426849365,0.5983284115791321,1.637910008430481,2.792684555053711,1.8049827814102173,1.2905837297439575,1.772916316986084,1.9722394943237305,1.0938823223114014,2.4220478534698486,1.6441097259521484,2.076608180999756,0.6894713044166565,1.9957761764526367,2.403202533721924,-4.511427790568475
2.146909557053872,2.559185358461816,1.1547754202447753,0.6453580169706805,2.2526393472325554,1.1410315669665025,2.3973992932829953,2.9702445720916932,2.9576771004379037,1.6367010024823287,2.0764952927146068,2.1234060280782967,3.023471927067654,1.4404195806056506,0.8562514838912754,2.6336188761095465,0.26951129291518416,1.952124513326647,1.442442694537785,2.486140985267156,1.2684248067834414,1.8922070454884399,1.8652065752933975,2.150147588980555,1.0141511799366199,0.39582482857196283,1.434944536751019,0.6590658424372124,1.9690638009530002,1.4841828487702533,-4.4881675621701715
2.069137104822933,1.6876905274978617,1.905939541909647,0.40329441834652924,2.1265256139027167,1.8848758850164307,0.8148979892828853,0.2741480542684565,2.82341841343469,2.984729101330899,0.5704068421804482,2.3376867485886823,1.3740404801094965,0.6615105780703611,1.3019022313688757,1.30375475825335,2.721830367320961,0.9897852031710859,2.6745131671828766,0.8710114431331044,1.1802545148679717,0.20374399822055622,1.6066524503077275,2.6189950932203776,1.1529871304840658,0.5733662962847752,2.6869727676783826,2.960473918163072,0.754802476314478,2.1629932765644657,-4.47319270109833
1.9126883745193481,1.8598324060440063,1.6947911977767944,1.7394863367080688,0.6484056115150452,1.9003520011901855,1.5344027280807495,2.230215072631836,1.8203563690185547,1.7249913215637207,0.42377468943595886,2.540214776992798,1.3799972534179688,1.3165159225463867,1.3299758434295654,0.9038113355636597,2.602980852127075,2.2692577838897705,1.6757245063781738,1.9452428817749023,1.7658393383026123,2.09928297996521,1.312276005744934,2.470649003982544,1.9881209135055542,1.0556422472000122,2.1355574131011963,2.0617809295654297,1.3611410856246948,1.6972250938415527,-4.470851823181144
2.5780132055329243,0.942330109865432,1.2180636332630028,0.6989798649054333,1.720206499929849,1.6544694076190116,0.7903412512003896,2.190355967400019,2.715279341871461,2.5976492181666293,0.382790350050744,3.1064990387784563,2.729631870866826,1.3334224797491716,1.7470310161915097,0.3068766389036298,3.131609115639832,3.092203892130688,2.3200464440587165,2.5835524597468034,0.09377498909158444,2.9061938735187693,2.5914865474312903,3.076614288371624,1.1922177616121812,0.35768615440866736,1.8358012038226175,2.8682150334182266,0.6508128344653967,1.4184089814167955,-4.460675539225598
2.4113345745626438,2.084225206979161,1.4181798457002344,2.715765749004114,1.3089206692212931,0.4927166538478249,0.2650350435890807,2.086109486904546,0.23994600546113576,2.366492918924815,0.5198000426045772,2.235737284269032,0.4215023056688338,1.7357954175797468,0.7671728505994815,1.7038842177913,2.4358801475045206,2.735048258735513,0.7401693588405225,0.49357674375838134,0.4958516641465034,2.7956098099870994,2.9955657315446382,1.641713228738268,2.5297319128670845,2.192854108800214,2.9081117268835417,1.3902743326581786,2.1811390797582697,0.33964735813174785,-4.381804070867351
0.9685045480728149,2.1065690517425537,1.74208664894104,1.0765949487686157,1.399490475654602,1.7185553312301636,2.4867446422576904,1.7857621908187866,2.0742647647857666,2.408723831176758,1.6280856132507324,1.8718754053115845,1.8916009664535522,1.2107046842575073,2.0174190998077393,1.289654016494751,1.7743439674377441,1.2920644283294678,2.1664886474609375,1.8021825551986694,1.899592638015747,1.2178430557250977,1.803144097328186,1.6257562637329102,1.6108089685440063,0.7071014642715454,2.347395658493042,1.847393274307251,1.518190622329712,2.550410032272339,-4.335531375678416
1.0538592338562012,1.0192056894302368,1.3768411874771118,1.3596171140670776,1.251988172531128,1.595931053161621,2.058891534805298,0.9932170510292053,1.6188379526138306,2.4255664348602295,1.4454046487808228,1.855602741241455,0.44738540053367615,2.2536697387695312,1.297614336013794,1.4832931756973267,1.3652310371398926,1.8528560400009155,1.2136821746826172,1.8507778644561768,1.0718281269073486,0.7322826385498047,1.4012621641159058,2.5652310848236084,1.6905348300933838,0.9288678169250488,2.177457332611084,1.4428426027297974,2.125856399536133,1.7453685998916626,-4.219114396267441
0.6210753896298704,0.19916706011717045,0.029229026040454853,2.6872881201006797,0.1084555775445733,1.5451866484665193,1.4332174910820064,2.0869180986793614,2.1410843114024365,1.778909710644629,0.020598333106157996,2.4484530299594396,1.4701059000910406,0.18397107794278234,1.4913526168719753,0.024185044748830098,0.656863524211296,2.0516321631093444,1.2539315706335827,1.7545018030703656,1.56575993690628,1.5373050762666676,2.702081806512827,1.96717503955619,3.0184459889050634,1.3552195399669362,1.2551270400552799,2.2508867126077976,1.091702775259126,3.13768530975842,-4.161932293912064
0.42730089753632927,0.5394435892448493,0.9384608740887947,1.4857952094593512,0.41011967244749353,0.23300279788689027,2.9178638768654235,0.7908077686058288,1.891263433157523,1.0106247357443756,0.1154433690653397,2.801240761257323,1.014010607878639,2.339820914940908,1.3582661270734613,0.867962952136471,2.210375868609097,1.1102096993975092,2.445026301227319,0.06845152829337753,2.045025976362874,0.7217800993129836,1.531568105008582,2.620300778089711,2.0113723907494343,0.8775713531004233,1.1143848947152601,2.3752446116257233,0.922313090210136,1.8404694980619367,-4.146088246383208
2.2097849490103165,1.4393141154193467,1.8119127840280647,1.6237500879011635,0.6801322002326096,1.6300543345539038,1.3338733433443422,1.722415705950614,2.344192436915485,1.2317699910837017,1.0913025101756744,1.617423367020229,0.5685080292912185,1.6819897522425733,0.16619469843858514,1.5067809860655048,1.8982446542141609,1.5005611391317097,0.8177161477314501,2.8413919809045094,1.8372164905406771,1.344633418712832,0.178878602791134,3.0526969518558222,0.5820899846425766,0.7002414787870187,1.9360200880922795,1.9207540493137916,2.8362160558481024,1.1459915891814083,-4.135106192230798
1.8226069211959839,2.070742607116699,1.8298219442367554,1.5966776609420776,1.023491382598877,1.6772569417953491,1.1654908657073975,1.5765961408615112,1.8436495065689087,1.5497450828552246,0.810882568359375,2.228947162628174,1.3837547302246094,1.6513899564743042,1.5104392766952515,1.1270159482955933,2.2350025177001953,1.417048454284668,1.7969996929168701,1.6217782497406006,1.6837092638015747,1.5173721313476562,1.4802302122116089,2.5536515712738037,1.5745196342468262,1.2478193044662476,2.064915180206299,1.6377075910568237,1.4639861583709717,1.9236012697219849,-4.081798270936892
2.3403149636359313,2.8746728144045983,1.3200492138998436,2.029656282707839,0.23654571356357812,2.6361196570064145,1.7526774654343853,1.791495709473721,1.5712542616386544,0.957248901006115,0.24527583530088837,2.941584183127514,0.8793336398540617,1.406317134647108,1.8025149468506616,1.6368067410681322,2.5592322997808545,0.08141409628755447,2.3670846790912994,1.3948554764304313,1.7095112807610982,1.8998417589663874,1.232391242483663,3.1145488755782447,0.43932670072658264,0.021940957125251882,2.660184078190791,1.4401862337376388,0.9928963245439107,2.4016094207128447,-4.01130417190464
1.2326333421733544,2.3344660414992937,0.9628036909852682,1.2220049482961306,2.347902975059644,1.259193598721922,0.03743409747812268,0.5382826730460099,2.5357023843151065,0.220997401779189,1.3731178598466285,1.4701039859608334,0.05096899012788404,2.99654638285245,1.3949203665925034,0.9628962705698638,0.4221705012905739,1.2006688864565287,1.967972546470031,2.317399401409868,2.889782526192244,0.8165314310319273,2.5026528216064645,2.2245275637731536,2.3120450534073753,1.5252469221625689,1.6052912639040609,0.29652862261657575,1.8523611214894604,2.774344171657493,-3.9650599359200664
1.2790307998657227,2.5040042400360107,1.7821218967437744,0.41774797439575195,1.3157494068145752,2.0069494247436523,1.5796220302581787,0.9134052991867065,2.528594970703125,1.93966543674469,1.523281216621399,2.2494442462921143,1.6571345329284668,1.7172176837921143,1.5053472518920898,1.367829442024231,1.8397172689437866,0.9784423112869263,1.7363983392715454,3.061870574951172,2.035975456237793,1.3295648097991943,1.2592427730560303,2.523653745651245,1.3008356094360352,0.29040729999542236,1.896463394165039,2.4877660274505615,0.7619022727012634,2.3297204971313477,-3.950884285628394
1.2132019996643066,1.193457007408142,1.172175407409668,2.181948184967041,0.25467783212661743,2.4570374488830566,1.6163501739501953,1.8137917518615723,0.8549937009811401,2.5988643169403076,0.253749281167984,2.4148783683776855,1.7869235277175903,0.43161365389823914,2.5277063846588135,0.4706309139728546,3.087028741836548,1.5714753866195679,2.4348928928375244,1.411191701889038,1.3340158462524414,2.0017638206481934,1.9014168977737427,1.9773482084274292,1.862702488899231,0.8785317540168762,2.633246421813965,2.0423295497894287,1.1908679008483887,2.5953598022460938,-3.9448897723401117
2.264055473288425,1.4561552848492314,1.0497358778263701,1.3667715488626935,3.0251773919156935,1.3581041744608136,1.412143387601343,1.9632198374699779,2.2821374243519634,2.0908368197551597,0.724474983737958,1.7770219335508193,2.1802078016697495,1.1136612084825084,3.0905884186032315,0.11251811112559135,2.896658045316267,1.7138215338727074,2.82355670278964,2.4485152789599716,2.6890232272694607,1.3030126216019664,3.114588975847734,0.9829938403787681,1.4170003482586355,0.2716750918807045,1.3833775665455004,1.7384136338064091,0.24695700326641126,2.961946646377048,-3.931940410987195
1.9681191444396973,2.032111167907715,1.5343658924102783,1.0857315063476562,0.8467451930046082,1.9434781074523926,1.720121145248413,1.0469876527786255,2.122506618499756,0.7424407601356506,0.531536340713501,2.4474523067474365,0.7984992861747742,1.6886957883834839,1.7586932182312012,1.3563306331634521,2.121110200881958,0.7168018221855164,1.8571308851242065,2.3907108306884766,1.9897252321243286,1.3173229694366455,0.779661238193512,2.2476000785827637,1.320875644683838,0.40166306495666504,1.4949371814727783,1.3663305044174194,0.5201224088668823,2.49542236328125,-3.8639782506480422
2.0117497711412358,1.7827492799146432,2.192852411007655,1.7212573246593508,0.929206041483057,2.056636285448554,1.6257215278503088,1.8513336860993463,3.123177485576116,0.771688612344226,0.2980196176240385,2.0465475919094,0.7816290033994827,0.525329090250811,2.4147357742789977,2.3103668016973433,2.9879555384112493,3.052640472312393,1.6753846424082743,1.1998206363382615,0.26217002733149575,0.9213342304964901,2.3963800144930922,0.1927244912697086,1.797600649559018,0.7884124864140292,1.3042722482980116,1.1289157849889397,0.14435212631682706,2.8093784648313207,-3.7722849128243703
0.702767943924819,1.1167646370284348,2.11407353792965,0.9317201040219327,0.669122752782392,0.6114018670845702,2.0843179454276974,2.728095101352313,2.445205129006199,2.911006644140112,0.06972331415798455,0.5054319840351437,1.1027841346691938,0.27259182216529876,1.4981586396852309,1.8053473975969987,0.5645703051055614,2.19265690546806,1.2664320751220814,1.6549807551859868,2.8728964912406303,2.6670211280620775,1.2005324581902135,0.06773874064812244,2.9861647357521686,2.504867994162057,1.4809872397022192,2.7394492001385076,0.9841828480285787,1.9065338175994375,-3.727881817107565
2.8318736937468274,2.4614430067361224,1.652760179588018,1.0951522503788662,1.3265573728834503,0.9379766066187123,0.40713102727547357,2.3237203771463193,2.612197637119395,2.4859708691469153,1.1587199993128192,2.856755725595533,1.908884967760854,1.5413975634287893,0.9103474209632226,0.6309414913143432,2.377588943968781,0.6509246595552889,2.0143602363030215,1.8252028940200717,1.861223668930752,2.0396688480864644,2.6099248810821685,2.786342939418984,2.7583659362345427,0.9438807282588598,1.0051143284926347,2.2126069839293616,1.2262202798737691,1.748902350736386,-3.661854068853808
1.040419829836123,1.1690673701766396,2.345708271626677,0.8384576704979201,1.216548638197037,2.4188198001762604,1.840175785992529,1.6430728091067508,2.2258154911229378,2.029139820640779,2.2526459390144677,1.7220382164358694,0.6879354722069408,2.180501743507738,1.9927933591204545,0.045240318007236546,1.1850574674108851,1.8329959648687997,1.5146702174448914,3.0886435420062197,1.6515207145470732,1.4720786474111167,1.4625546769608713,2.536878501296285,1.3581540825652603,1.2595526964550359,2.080838854237893,1.7639528267686906,0.4072226023579647,2.283154627688418,-3.655304774317937
1.3737778663635254,2.513902187347412,1.9631342887878418,1.629119873046875,1.1725473403930664,2.0469751358032227,1.364125370979309,1.1219234466552734,1.8100993633270264,0.46643683314323425,0.9768795371055603,2.396024227142334,0.5151953101158142,1.5597295761108398,2.3521814346313477,1.1038388013839722,2.3678500652313232,1.421290636062622,1.7928565740585327,2.001890182495117,1.5103790760040283,1.286054253578186,1.6452077627182007,2.195817708969116,1.1709173917770386,0.08092057704925537,2.806583881378174,1.0759788751602173,1.7893122434616089,2.6495580673217773,-3.608435300005256
0.45602252704040386,0.7124476763616383,0.1762809597891402,1.086258102089384,0.8032028119310133,1.9474080360393629,2.6832227853506923,2.7514312957246876,0.4891072243084632,2.358254450867557,2.1900899370992017,0.787972556840835,3.0231264725707696,2.0182785167875714,1.9474413902415728,1.2062201556577217,1.67870585875962,0.36750645562317036,2.7752606272102103,0.23636782888503383,1.866954326390376,0.9980727775638588,1.7985783321821467,1.7137205010645529,0.6577264016236516,2.9437482574696134,0.936382819369518,1.520028130833001,1.0117137819938906,2.479771628331644,-3.5556391254777697
0.17162046942559234,1.9915332095801621,1.2851768216601174,0.009959578975536428,1.8907816999540175,0.6860312802295292,2.3490164567568743,0.6826656720310382,0.6305400351599768,2.521862235586364,3.048163062262547,2.1099249086031477,1.5593696294837693,2.5582556022580074,2.702172246109106,0.8001579555049043,1.4504895137658398,0.6408374421649925,0.6653313377519072,1.5418214315473993,1.8849695872052417,0.044762969520513354,1.7844262144738858,1.4540229449101785,1.5441584758310989,0.8473136508854503,2.5719414085996535,1.2798858194692355,2.037327947552988,3.021415172612137,-3.526398001184742
2.4697750205397035,2.1697896679024806,1.0768433460506723,1.7210981514924688,0.6444534313988213,2.3446820426608057,0.09598691583467156,1.5409649282084552,1.8998751735726551,0.4423827931997637,1.0257458741496635,1.5714189238873748,1.60570049784188,1.244647511854445,1.6591454765452531,1.705445430571807,1.7324910585563678,1.3737582073461585,0.9980915014258398,2.3210803274652347,1.7687242233216223,2.451288991834494,1.799926677843009,2.4018137707613407,1.7020632639184596,1.211769454632941,1.7621990530187126,1.0834795061242357,2.3189479112940345,1.7863086778777122,-3.508083180661666
2.8526601146667407,3.0157026468540358,1.3579754343387154,0.938432766913738,1.058023139085492,3.135533383759381,2.5308146898043042,1.0161206426016727,1.315525887874013,2.9265603104660376,0.4741434449877442,2.9397079594975737,2.5724710991745376,3.0717873676880663,1.2202276596601664,0.1832768501925226,2.777501817525835,1.7429803448908903,1.6382314348398161,1.437559587717058,2.5827125480720605,2.3388588000519435,1.108992529629719,2.7857891803183925,1.646546254850423,0.5445508362576962,0.9269107871648707,2.8634758607766173,1.1755516271675994,0.04743461560944007,-3.4932342407124186
0.6771092414855957,0.5634119510650635,1.1248806715011597,1.655225157737732,0.3575170040130615,0.29451119899749756,2.3053646087646484,0.7516366839408875,1.4808214902877808,1.6535974740982056,0.8564357757568359,2.3154852390289307,0.15199728310108185,1.885603666305542,1.2459980249404907,2.028493642807007,1.0965709686279297,1.335452914237976,0.6764559149742126,0.43874749541282654,0.940068244934082,0.8083155751228333,2.3493540287017822,2.3410093784332275,2.4546430110931396,0.45542895793914795,1.1406877040863037,1.661863088607788,2.044931411743164,1.2613861560821533,-3.4494183847492037
0.3188195956899348,2.689878450991223,2.80942103954456,2.151696465859283,1.006189622308452,0.24059255387607095,0.009180897000738052,2.50587817772364,0.7558158353492955,2.243402509331528,0.8065842194048906,2.7505154484210688,0.8718782282790843,0.06537891131000545,0.246435531048138,2.944373253392239,2.867735450299751,1.351034605030945,2.5179040351074353,0.7306630682617752,2.102337212458081,1.744583278793391,2.2456189768042223,0.09346487064455884,0.7720538683315019,2.842659088542373,1.297898172875982,1.188129231536459,1.8613437048488408,2.5761796525568217,-3.378420578436739
2.667310089245907,1.9436857935399385,0.7341338483865318,1.7788168908808657,0.9045400802506789,1.9103320514413795,1.6611481784024436,1.5742671530166594,2.73921228383576,2.283375679965995,1.1850887954970533,1.4615811823287765,1.695433667589107,2.4451137796057294,0.517308876667617,0.4276823092733164,2.8773880035314576,2.766453928440498,2.2046932722248496,2.968829367972338,1.7372109290342503,1.2349852913323545,2.366364574579064,1.821901484247189,0.14734231731400377,0.015032325644771171,0.19753347701176494,0.13348254345331534,0.6221705680977475,2.9522387054555153,-3.37795886596094
2.452552556991577,1.2939929962158203,2.309359550476074,1.746311068534851,1.1321889162063599,2.357426643371582,1.4070063829421997,1.3886045217514038,2.315861701965332,1.9814709424972534,1.1764163970947266,1.175886869430542,0.655981183052063,2.335181713104248,1.7650642395019531,0.18224968016147614,1.8240439891815186,1.6412830352783203,0.8512094616889954,2.909273386001587,2.7468740940093994,0.9360933303833008,0.11807017773389816,2.640043258666992,1.0891679525375366,1.9502416849136353,2.0997440814971924,0.37530869245529175,1.5748745203018188,2.238665819168091,-3.321141843283652
1.568441023843866,2.70338583026422,0.7145747951226179,1.9251165162635677,0.14763197486144547,1.2138268598755007,2.053549586700718,1.1046119133738557,0.7967594957155509,0.41628297879778015,1.3981847759698858,0.5052234333404544,3.1128254243770366,0.4039565423644289,0.29978253470491656,2.7820495112282444,1.096115091935547,0.7632025571575817,1.8974647892064738,2.405967587839913,1.3983934531175237,1.7688706248185826,1.9027422937264484,1.3252492185661089,1.916462167404407,0.35110181733446594,2.2486890889033555,0.9275271622989991,1.754867377951736,1.6990684690384117,-3.2622993810186705
1.0284117460250854,1.5595687627792358,1.154767394065857,1.4769551753997803,0.45965975522994995,1.7920646667480469,2.021165132522583,1.9003479480743408,1.1504950523376465,1.3472979068756104,1.2298084497451782,1.9584280252456665,1.1410925388336182,1.7770402431488037,1.3870514631271362,2.227109909057617,1.0356192588806152,1.978455662727356,1.7238925695419312,1.834458827972412,1.2478476762771606,1.9788013696670532,1.5571730136871338,1.651780128479004,2.4599790573120117,1.3208931684494019,1.4478224515914917,1.6671072244644165,1.2171416282653809,2.0596959590911865,-3.201360498909021
1.7297684266135955,1.6405445520966704,1.4280560793191834,1.41917915978757,2.0727530828882093,1.5267671795696014,2.3081686362547047,0.1372844247117225,1.5974492283316155,3.1259032543112126,2.654041384682404,0.14025899394124475,2.09326131543847,2.6012439742974944,0.03495124613662631,0.5215547312694562,2.539043452227904,0.018968283333176572,2.1346387042383235,2.1231795194998244,0.9705913334132854,0.35788087729937434,1.0126555393826129,1.9053296863028526,1.9016891644931355,0.7531853453878921,0.4803091108441372,0.050096404916150084,3.125230539381213,2.868690974082271,-3.1718216510869865
1.66366292795359,1.3256452939645982,2.1915801037831635,0.038068941711263626,1.5416989754819561,2.3190047791822317,0.9661765221070399,0.8706752693662783,1.2037594865571692,2.70319587556304,0.8823461072718921,2.718737939771386,0.334828529699867,1.861901739789269,2.2615968841650416,2.0213816077039146,2.963804331059009,2.396764300369578,0.1860496959160174,0.46014507885005385,1.4996521752823642,0.6565385834493077,2.2056698756432156,1.22061252134404,0.8896035041397024,0.22400278911846658,2.1796537382461523,0.07176187387132593,0.24123199292200326,2.597601061133642,-3.1476742418501846
0.08729505237193666,0.27470884381866717,0.6147223381807532,0.5577115689735015,2.3143165680429543,2.815359969726189,1.664723505906766,2.560472709692526,0.9978775824600582,2.3834858161279824,0.4234329054323855,1.361136719729796,2.370633997932344,1.6470212193534306,0.6458747630362109,0.8813175716854504,0.7846979218345915,0.9331952168397114,0.7114843386380059,2.6044801638577924,2.1507612114882386,0.0368010336845872,1.6654716545205999,1.4957290627988267,2.133800203229236,1.2162885206428649,2.906909934955939,1.0133623517062504,1.8594307078765704,2.152385444784587,-3.0914684358159956
2.6326926799681543,2.425916165306755,0.4987246326815342,2.418111396104253,1.1197340642888374,0.8187544920973271,1.8123114282737514,2.4113202193600727,1.0811895797242017,1.8856544023900956,0.8277498855929201,2.4448005100007575,1.4890224325499832,2.0355166565861325,1.0194628276878959,1.0373409745222446,2.101563135109022,0.3963223090459298,1.4458815950701103,0.7032983305550506,2.237599925039693,1.1554810214730604,1.097397542712053,2.970200317435335,1.5408766260541786,1.6743765220423343,1.7157954402422433,2.67930359410518,0.8828407154757244,1.3406207234668783,-3.0878121651615187
0.5841833183270374,2.5371561446001767,2.6340029059744734,2.418828287612323,0.41140869983383566,1.7539410691198298,3.1142646360546484,0.9535288959266456,1.8732449114045644,1.278019210210361,3.129306174097358,2.904275107417831,1.1345143247629135,2.927182286265683,0.211656076484668,2.970258293292821,1.177403056143032,0.33179678845908456,0.02442587150054685,0.36743370465768377,1.3063086211631443,2.7913477256923436,1.9187096534515589,1.7150768477742047,0.4512360345560286,2.053318704491996,0.2758105774085105,0.7437592936571317,2.8217282218325996,1.9466256236640909,-3.0762969314019593
3.087188169619637,3.1003824428527134,1.5393935700394141,1.8448854369163563,1.6509119163242532,2.4946619718010576,1.0344157875202729,1.3549329924420177,3.1050995798520615,1.1161125945919153,0.9638176647803147,2.334829183817417,2.7479766380506625,0.7231945714716188,0.5896518647148168,1.8490855147720193,2.8519860134064823,2.077891468714645,3.029530624608113,1.4228860353040587,0.7209742632353222,2.4404093511523794,2.0618442454434613,2.3455397155909443,1.8968279572947067,1.0403263761876804,2.361356208532139,2.45886738056806,0.003035711292406096,1.6311802285679728,-3.050060155169449
0.9861332178115845,2.076127290725708,1.034226894378662,1.5853580236434937,0.2650877833366394,2.362095355987549,1.9637470245361328,2.3383378982543945,0.6342389583587646,1.1939467191696167,1.6270946264266968,1.7804136276245117,1.360886812210083,2.033500909805298,1.1534602642059326,2.717914581298828,0.8109270930290222,2.293137311935425,1.900093674659729,2.321417808532715,1.1422932147979736,2.626875162124634,1.5926518440246582,1.5708858966827393,2.7755379676818848,1.7289037704467773,1.5937520265579224,1.754091739654541,1.1547715663909912,2.0837910175323486,-2.9763764487713504
3.0830464762470027,2.16237604830905,2.009030737215172,0.29949376383889253,1.4804167957875998,1.8527189528840144,0.8149899801305638,0.7438632109506409,2.0437696601823774,2.642887111569425,1.2404306040775666,1.1753127299768047,1.8794461230577983,0.432776946935293,0.5895057107189511,1.0899176061421876,2.6632073996793766,0.44982686751066064,0.42114259907552015,0.70013969456328,0.9219541944000724,3.0606068647398983,0.5176309513856958,0.6184981454405054,1.0887033258058099,0.4564033903500443,2.99036118965308,0.42007378821913516,2.045146695263574,0.6303796398692468,-2.9370323751286556
1.8426590745204154,1.7709878287252137,1.0983098115430177,1.6048222514782955,3.038898643999592,2.2125421772355622,1.1659133175455443,1.2713009112212408,0.011031506305094307,1.9506842153708415,1.9023391431888466,2.5494511341577653,0.49561055879719157,2.5925604844383026,1.1746092009187872,2.4489358465991646,2.039410771808921,3.1413315277704044,1.7085892670997507,3.0267349073517598,1.0060263842489319,1.3945309835634023,1.3805907520051668,2.4299996779183273,1.3186294176332933,0.14461635727010913,1.8981086387977375,2.3420645243198424,0.007815148993721016,2.2735438930684713,-2.9255779728595663
1.2508956540543366,1.0167847643808985,0.5892938364308182,2.305647253845426,1.4415400689726798,2.513501361546309,1.9014725826748176,0.5797962041344362,2.6461272284614497,0.2995795754976196,0.43670537986280356,3.1219396943948365,2.4066116406009246,0.8448005646403722,1.6192914232428894,1.1949418788394133,2.705423371135051,2.478780657354285,2.917220654145507,1.615943955510056,2.8762891043413075,2.5352178402453944,1.354807635393414,1.0490363709393296,2.825364184410285,1.9027465710873013,1.4984910032450904,1.5265072638152555,1.0801927834509493,3.0391404765125296,-2.899613138841037
2.1364284583803794,1.5236602481110832,1.7506554482850707,3.1060207998063194,0.1450536014308415,2.1816985384272107,1.9706463061581019,1.1481718332935253,0.2796697406255953,3.056052152009593,1.899404534258402,2.5499865967790316,0.5961229485493621,0.9364309237205741,1.1113541532089757,2.197358622023966,0.10001623542570784,1.9193580503275078,1.5838188546212724,1.6775156997741287,1.3742858064283685,1.962556904399567,1.3468488945466492,2.1549108589989117,0.08063258027522857,0.09378139103720073,0.8252041499752372,2.0522935703032976,0.03606079050882238,1.5565385810557695,-2.8597563358910563
1.9704469417233335,2.7742844340959945,3.025948057448807,2.6084895478225314,0.8048816113304552,2.003781598235237,1.988320299201153,2.272096519338049,1.7274825523323527,0.6337833853511663,0.3475204917745538,1.8942611917864087,1.3771178499701549,1.9293571792133162,2.456707958112841,1.1373049625831513,2.1881540933459216,2.066675512545361,1.8038060036153172,1.0802710457202391,2.024288548136383,2.9298226648960815,0.015254561929676447,2.7006235433463073,0.8951647795569881,1.7571525082851758,3.0730076480547095,0.27586257335473463,1.3423765991133272,3.1362701980193632,-2.758082494768003
2.7579354793681348,1.1179234545872603,2.366597367201598,2.8296332761668226,1.808799577505379,3.1277740369722355,2.389158481429569,0.06139235805219298,1.3906655966840542,3.1263864287564695,1.9173296226350303,0.7563555723267026,2.268745734163817,0.8451390224777844,0.025211286382886167,1.9295417225383766,0.08224383371998889,1.859666636317173,1.1529137923577786,1.0410112889482734,1.617341456355424,0.4441639810559892,0.049977942471786996,2.033540384027857,3.131995627116296,1.5715704102325332,0.531882386030989,2.5320962541550824,0.5828001822296064,1.2673734883879628,-2.7113860058767743
3.131873320884823,2.6192014970533943,0.006333555567023419,2.8115440821577753,0.2351291148437116,2.085728179580132,2.1922473431124345,2.4492544827193607,1.233963267631308,0.009619047839141661,1.70471282418554,3.0444516802696997,1.9868323257321918,0.28318580185114794,2.174330879662298,0.7123984666662332,1.874065374339855,0.5615034907043004,3.0886402830040347,2.192679508245528,1.9679651394352848,1.1682468474898988,0.25562450001495995,2.935237569583737,0.018338001190290498,1.4536897789879073,1.7585672100389926,1.6464003658217965,1.1577550950285702,2.7381803279084678,-2.6857127625019492
2.68723025467889,1.8751323591840454,1.96373773040846,2.1510768094607506,0.6051793475207531,1.3993542199756304,0.9928242363650199,1.211849555863918,1.3989351115961837,0.8490892329317468,0.00443049838747378,2.992686503966432,1.2272673596246622,1.5992236358256244,0.9289954387095076,2.1578758310710606,1.332863093863583,0.16890210534247618,2.0072243876377063,2.0796281233978364,1.5142850555415253,2.6111344038902793,2.3394095432234883,2.97695800153313,2.884746970841482,2.302906629956419,1.5012799968772297,1.6272745941520943,1.7086287356873133,1.9280113618431605,-2.555510143950698
2.6394734382629395,1.7199491262435913,0.9986298680305481,1.3285801410675049,1.2422901391983032,1.9616328477859497,1.6344003677368164,1.2011327743530273,2.446876287460327,1.5118049383163452,0.30762776732444763,2.462096929550171,0.9711657762527466,1.7429600954055786,1.0935263633728027,1.643056035041809,1.87930428981781,1.1554027795791626,3.061589479446411,2.3566718101501465,1.568679690361023,1.634729266166687,1.953140377998352,2.244549036026001,1.9289169311523438,0.6271572113037109,1.4910496473312378,1.965977668762207,0.4964396357536316,2.635157585144043,-2.514315738536525
1.6430940628051758,1.1464992761611938,1.5543761253356934,1.596118688583374,0.6973292231559753,1.8215771913528442,1.7936896085739136,1.8125730752944946,1.846453070640564,2.2394795417785645,0.87538743019104,2.086857795715332,2.0703465938568115,1.2994308471679688,1.7793563604354858,1.064828634262085,2.198033094406128,1.4959028959274292,2.1833596229553223,1.2957675457000732,1.5319037437438965,1.65179443359375,1.571306824684143,2.597219228744507,1.5113006830215454,1.266417145729065,1.7498801946640015,1.9336742162704468,0.9196548461914062,2.235612630844116,-2.3893379020049097
1.6827317571162586,1.047000353026542,0.8013388824885036,2.2719716747633822,0.3990088096880199,2.616289165107062,1.9179234683588262,3.0531957612307226,1.113933340370507,0.7463009551854842,1.3126806095928458,3.0640462912119393,1.088043422472622,0.3913035578603881,1.3818841096521215,0.7955461876421526,3.139178831420312,2.985095063961328,2.0630052360162114,2.5605584005490676,0.8679569922743358,2.105687960617123,1.2797060925850348,2.0927641982055065,2.714391353574466,0.6451226238708533,2.497055155896425,2.9951024924418483,1.4621515356216943,2.3356044492436085,-2.3415148069082985
1.5634096351744105,1.285425672609425,0.9585772757984791,2.1248776602656245,0.495133747681547,2.8079791822237916,2.043655860658673,2.874449613011505,0.4488597576708519,1.5179473472538125,1.2476983695635555,2.8483567297962846,0.9790645766365708,0.20931612364385077,1.5487240485006937,1.2882541538649885,3.1257788606907875,3.0378235745903868,2.1042626868878465,2.4894734733756225,1.017005811433434,2.3469359726149794,0.8492762281270191,2.036739651880385,2.5468680482376906,1.0518346620959362,2.8093182165650976,2.0258164506685614,1.6873079348531228,2.543067755452107,-2.3395579042896824
0.020626103775157865,0.6021903269077781,0.6174850183377645,2.5847857661538565,1.3977293961967818,2.9776322952425054,0.569044688371866,1.8634917907482769,0.9215925329193874,0.6151583918791469,0.20221827928525193,2.1575165095858804,1.5884365512298284,1.2022273631874385,0.4165690055753561,0.618647381515373,0.5296798527942304,1.2106420623177687,0.9033872967232319,2.2097610823356812,0.5746051654237269,2.3963511526603853,2.2474254055796665,1.01753804246424,2.343576326628709,1.9582705776662424,0.0928479429475741,0.7633223290842873,2.544045985946631,0.10866369339187192,-2.335962277214064
2.930090910066361,0.8258167708093099,2.0463640303902793,1.664712496445496,0.6483524762749076,2.86772191089116,3.07243282210263,0.6681481710779877,0.9479484472919719,2.90043994111372,0.4912339394132908,1.1936970778315525,0.869534746368801,2.1241981059387025,0.4015503729919661,3.0105001811722514,0.43001809897842785,0.30835050940212566,0.9271105563190454,1.1854225686098587,2.3278773723402315,1.7301343873988875,1.0007843580200173,0.4264425468429224,2.4807518487323432,3.0403517578174637,1.9746187797158088,0.5198290734626143,2.0072937172590537,3.099192085557424,-2.1197227762041493
2.142365857733933,2.20835651984994,0.7109408129170455,1.855150277548803,0.05271773047242426,2.163931965864266,1.3454243922303883,1.0174748443943762,3.0208197709049815,2.7954878750871486,0.6410410539055362,2.3728832859101523,2.6190423479655847,0.9355310273873866,1.4021232082974444,1.4020124338088353,3.095559298555358,0.7951176767966031,2.5905729379570963,1.8724514592936305,1.1866319828268197,2.251857791859147,2.8904837300157062,2.7228675420824207,0.2462261273791757,0.013217087615886025,2.311114274165992,3.112507238553522,0.21382593028090421,2.4423624406643585,-2.098011102331103
0.22726815066030268,0.34427376947359384,2.6900028425817304,1.3499774111421907,2.611336566792604,0.12340755393950191,2.8322773673898847,0.4509236316097258,2.9215041175815926,0.387365040044504,1.5556016680781983,0.09917681085950476,0.2768068784696395,1.7959698936658004,0.26891683922955084,0.8977794373031514,2.6685225121113945,1.0881920563647118,2.22797744477965,2.9432965335129286,2.4749653897588635,2.608663447620557,1.9879592372435244,2.886914033303954,2.1758171095236802,2.5711370815029873,0.5182259451163757,0.6166279396462814,0.3533375036316719,1.9831422385521569,-2.055153512721411
1.1253687669315957,2.3437749563685526,2.4568159459727488,1.5260022332613485,0.959017801914029,2.592247273604285,1.7348823471214492,2.6531980045807995,1.065334886774925,0.17711514965239042,1.2405554364139446,2.1975198480811913,2.936452347986493,0.06107901310749342,3.0473141641225485,0.46065414309141084,2.289786022324563,2.3919608729731436,2.6772235494751557,1.5504118454095992,1.3243164888640635,1.8707498377901315,0.5723221374042655,1.713596862970411,2.616318050322866,0.2988948392917449,1.1638837127834942,2.184480406916407,1.03812766448947,2.6440948230723262,-2.0065904329406425
2.5611873100156615,0.5568507979172084,3.0428549283421025,2.24805973142342,0.471478210023781,0.9427433771137954,3.0292205209645795,2.1049137861034626,1.896302142047849,2.191459118824739,2.8176656059223695,1.7625117051186494,0.23107938484518026,2.34189988019423,0.8200983529337378,0.33367717935230695,2.184444474559146,2.895391190899262,2.9634206502362885,1.269363878190146,2.4622455066768913,0.4664999317768174,0.7565868600387701,2.8874460155761987,0.9657760976299423,2.852433144739662,1.240269698708826,3.0449955545876044,2.963247866122419,1.1476508578837448,-2.0041813550811067
0.8558170795440674,0.7685639262199402,1.4745073318481445,1.9119393825531006,0.6616631746292114,1.752021074295044,1.3621631860733032,0.29060691595077515,1.9336878061294556,2.444932460784912,1.0614898204803467,2.1656835079193115,0.4766572415828705,1.7233630418777466,1.1147189140319824,0.8483773469924927,1.5937288999557495,1.4970511198043823,1.0291041135787964,2.1252570152282715,1.7303317785263062,0.6128672361373901,1.778106689453125,2.997753143310547,2.4295709133148193,0.6717787384986877,1.7362878322601318,2.4485023021698,1.9379024505615234,2.1269278526306152,-1.9930311447653475
2.528383695967154,2.0295777267523856,0.43803315591331815,2.877059400219143,1.0545704231457984,1.9709873751976885,0.3387927553002321,1.5612077334904946,2.158671546266897,1.730097961108426,0.22219532592388558,2.577655459986139,2.549217915380102,0.07491229548396705,0.45744171997860483,0.31826040652896387,2.0156256391064185,2.8299695494424846,2.4527774928799815,2.8811445339748754,0.33893280930638725,1.630172181757403,0.7192363097596788,1.914603615895156,0.6779939560823973,0.6322103789506484,0.7154835641874541,2.6996383764370107,0.5084749616040702,0.8138204686493733,-1.897992646658955
0.9159161270033076,1.8920447933604705,0.8478430929548233,2.0287804844067363,2.4677710649049787,2.7008449444879123,1.5492019037759057,3.0832120783487107,2.7985524932019303,1.397990181129709,2.46855734715217,0.300922326548431,1.806632536295846,2.941922224744459,0.7281580765274955,1.5133614969375335,0.5026550517856383,1.470049075420257,1.7759117259286887,1.996945384979496,3.002626541863946,3.125124220235473,0.4770327274849104,0.4943710479308415,2.968411673552289,1.842374078498321,1.619718849811618,1.2260632447369642,1.4599769029150427,1.0827838356856376,-1.8979310424849167
1.9218145215832034,0.05514453303203326,1.8354683650948225,1.8379137740927156,1.9726835172123187,1.5154249726085796,1.2680451751443054,1.4373203672110575,0.057846520427687786,2.7340441564858664,1.1133433737483642,3.1377030141859374,0.018152179926349876,1.3704453560821448,1.169632479870579,2.7140895899927706,2.3050173830477374,2.5732575746943374,1.8990561445280765,2.701254697621229,0.5295980845526569,1.9931668892400634,3.0926467217248006,3.141267225100701,2.650078128170716,0.4408986435531862,1.0549091395031411,1.9931949892538963,1.286975099991861,1.5374085561877846,-1.8665122272968364
0.41546115279197693,0.7919530272483826,0.6987794041633606,1.544910192489624,1.2026686668395996,1.8955248594284058,2.6644132137298584,1.801989197731018,0.9190950393676758,1.4360089302062988,1.7152413129806519,0.9425539374351501,0.5200567245483398,2.7846975326538086,1.708287239074707,2.5165743827819824,0.009473858401179314,2.137697219848633,2.4801623821258545,1.9949978590011597,1.2590570449829102,1.6945526599884033,1.520621657371521,1.299504280090332,2.2889647483825684,1.8667728900909424,1.7936515808105469,0.5155871510505676,2.10172700881958,2.2322399616241455,-1.7796977698230547
1.482471859638867,0.3548041111531131,1.4434784836867123,0.3092752523008299,0.4831245169444179,2.87099300327742,0.5347774443139194,3.0635856689019767,0.711252001608708,0.860407200675222,2.507442181478175,1.1862970764980143,3.099899913392077,2.9496070471275786,0.9186584998216327,1.5523835962644645,0.8308963752742972,1.499756099981686,2.1665475291340126,2.4416672404110367,2.2271165262217836,1.0305893397220414,1.003478755502435,0.2584439586239572,2.1105783804397134,2.4615606806656563,0.1526320338410872,0.9085888898535756,0.8053182443990884,2.6509132379596343,-1.7258480945346648
2.932174203128956,0.9611199407322351,0.3712925972338873,2.0359284678145344,0.3575414431809825,1.037649096186829,2.5413132483993146,1.9708553749033635,2.0539269367066444,1.5441474945684739,0.7585291811086923,1.961010501366274,0.9384635596222065,0.6566194506483577,2.563519749165243,1.3445587950867126,3.0082717500815828,1.6347650124853135,1.5669193394914238,1.958608984555212,1.1915876926500737,1.6238326053936851,0.8691483155992207,0.7427283667437955,0.5995145698388202,0.4537530982921818,2.1599254337954603,1.0356614164220996,0.8356179170623603,2.8810565531283214,-1.6781305339456134
1.465070149128998,3.098471825825889,0.8399382149182297,2.3363260177768286,0.04626697610098693,1.690759140039819,2.733836059275993,2.9154701167970645,1.4402701548707095,0.015765543666168023,1.385920740503028,2.7447308560314023,1.7839772828711447,1.1179686128944168,2.0094021632594545,1.0433477064983998,2.4783365004239912,2.898472090999258,2.885458851614679,1.7526719199125194,0.7987058704236891,2.1766707039924658,2.7687243102991066,3.141094250824773,0.3696982861639193,0.00022263872797972928,1.3658689079423345,1.3506268541608157,1.5894032814218062,2.4090462465445404,-1.6745246256236737
1.8375805626495425,2.952965575539922,0.3065069024528895,2.993180219161303,2.7813549618028746,2.303950955175214,0.6649200517311672,2.569719835311106,2.3900308061208206,0.17696812564144454,2.0700984625778354,1.3514563778789308,0.175621128918252,2.74461157662782,2.8362311662965105,0.49550434073979743,2.6091336403445506,1.2525304955672594,2.255726883190629,2.6705447951846892,2.5816976643459055,3.0449665037660734,1.7166472783607682,1.8957767058057238,0.7686499884676775,0.17874622668855844,0.6888435637256553,0.3196601429302115,0.38242269578265986,2.060146798482786,-1.6571397055501091
1.3239675544415022,1.367036225990574,0.13777321715060814,3.0697783261939477,1.177662474991371,1.2093075525967052,1.580301188613098,2.1287872378956245,2.4529531952774386,1.8183508008873905,0.04437064775851191,0.8686534960030275,1.1995886233543442,0.48562013184703395,1.5955368686939535,2.4724451419377376,0.4653614044482476,2.6563552299160063,1.2438072826832216,1.9868535483996255,3.061785748064377,0.8549051327716363,2.8854924104564215,1.2579872198397413,2.1727863212510954,2.8119662830692467,1.1807328866124887,1.4794676886500582,2.3495135147074664,0.3255182343470492,-1.355852464891827
0.831413477598286,2.9313477689869596,0.3830079999192077,2.263368163587954,2.6478862231607376,2.510961737119452,2.9634362311257147,0.3878925838590066,1.7687988453126011,1.3925186683140545,0.9264301854569306,2.0401763767680854,2.938777347224161,1.7517429702470952,2.8083853489383297,1.1638761837175895,1.4965002263082647,2.3442594525020732,2.512301719377575,2.791351460353594,0.1278531175512859,2.2188913652611255,0.32969731546947967,0.509356497816474,1.6667813172144423,2.0822603308942935,1.6050588970243314,1.9068002657531438,1.6184897787928831,0.6523791477213685,-1.1228104371704544
1.3126920461654663,0.5821897983551025,1.4102795124053955,1.474279761314392,0.11041359603404999,1.2430328130722046,2.8587329387664795,1.9377845525741577,1.8308942317962646,2.270984172821045,0.8294357061386108,2.00376296043396,2.7139055728912354,1.4023308753967285,2.55568790435791,0.46399250626564026,2.4446370601654053,0.31048494577407837,2.500739574432373,0.2277461141347885,2.0761542320251465,1.6117805242538452,1.3667854070663452,3.0167768001556396,0.7403743863105774,1.0728446245193481,1.4805442094802856,1.5681334733963013,0.686159610748291,2.297316551208496,-0.8468108407177052
